review_id,ai_likelihood_score
0,0.301
1,0.44
2,0.117
3,0.211
4,0.463
5,0.271
6,0.464
7,0.305
8,0.333
9,0.425
10,0.217
11,0.402
12,0.228
13,0.248
14,0.299
15,0.411
16,0.481
17,0.437
18,0.077
19,0.302
20,0.399
21,0.306
22,0.367
23,0.411
24,0.341
25,0.399
26,0.339
27,0.382
28,0.463
29,0.265
30,0.44
31,0.312
32,0.306
33,0.437
34,0.484
35,0.257
36,0.338
37,0.47
38,0.377
39,0.504
40,0.307
41,0.35
42,0.268
43,0.198
44,0.447
45,0.472
46,0.311
47,0.375
48,0.328
49,0.405
50,0.462
51,0.356
52,0.519
53,0.485
54,0.41
55,0.31
56,0.262
57,0.39
58,0.506
59,0.426
60,0.457
61,0.25
62,0.28
63,0.554
64,0.3
65,0.434
66,0.172
67,0.407
68,0.52
69,0.482
70,0.412
71,0.301
72,0.391
73,0.073
74,0.524
75,0.318
76,0.408
77,0.443
78,0.554
79,0.488
80,0.421
81,0.26
82,0.526
83,0.42
84,0.452
85,0.435
86,0.421
87,0.477
88,0.293
89,0.308
90,0.298
91,0.373
92,0.367
93,0.371
94,0.434
95,0.517
96,0.425
97,0.417
98,0.366
99,0.527
100,0.385
101,0.483
102,0.429
103,0.467
104,0.404
105,0.474
106,0.384
107,0.245
108,0.312
109,0.316
110,0.41
111,0.329
112,0.36
113,0.433
114,0.678
115,0.234
116,0.33
117,0.535
118,0.241
119,0.328
120,0.45
121,0.427
122,0.487
123,0.217
124,0.279
125,0.253
126,0.159
127,0.259
128,0.446
129,0.324
130,0.507
131,0.287
132,0.199
133,0.385
134,0.481
135,0.464
136,0.451
137,0.339
138,0.341
139,0.3
140,0.35
141,0.425
142,0.446
143,0.263
144,0.403
145,0.269
146,0.421
147,0.376
148,0.394
149,0.312
150,0.253
151,0.486
152,0.425
153,0.39
154,0.33
155,0.309
156,0.422
157,0.355
158,0.37
159,0.343
160,0.402
161,0.365
162,0.372
163,0.386
164,0.357
165,0.39
166,0.402
167,0.362
168,0.539
169,0.377
170,0.443
171,0.446
172,0.403
173,0.285
174,0.474
175,0.509
176,0.328
177,0.441
178,0.456
179,0.473
180,0.462
181,0.412
182,0.351
183,0.219
184,0.11
185,0.278
186,0.481
187,0.54
188,0.44
189,0.573
190,0.305
191,0.409
192,0.335
193,0.493
194,0.451
195,0.228
196,0.454
197,0.31
198,0.369
199,0.34
200,0.374
201,0.227
202,0.22
203,0.27
204,0.306
205,0.458
206,0.291
207,0.554
208,0.359
209,0.313
210,0.284
211,0.112
212,0.298
213,0.428
214,0.471
215,0.322
216,0.399
217,0.369
218,0.326
219,0.324
220,0.443
221,0.292
222,0.306
223,0.509
224,0.342
225,0.544
226,0.259
227,0.198
228,0.305
229,0.513
230,0.492
231,0.424
232,0.488
233,0.364
234,0.454
235,0.505
236,0.306
237,0.463
238,0.338
239,0.17
240,0.323
241,0.221
242,0.16
243,0.366
244,0.379
245,0.316
246,0.509
247,0.414
248,0.483
249,0.453
250,0.208
251,0.353
252,0.427
253,0.426
254,0.305
255,0.4
256,0.341
257,0.158
258,0.481
259,0.225
260,0.174
261,0.416
262,0.186
263,0.364
264,0.345
265,0.417
266,0.362
267,0.446
268,0.263
269,0.305
270,0.223
271,0.434
272,0.434
273,0.306
274,0.374
275,0.236
276,0.073
277,0.37
278,0.354
279,0.304
280,0.476
281,0.34
282,0.439
283,0.465
284,0.39
285,0.403
286,0.314
287,0.488
288,0.481
289,0.307
290,0.274
291,0.165
292,0.451
293,0.47
294,0.311
295,0.308
296,0.43
297,0.25
298,0.401
299,0.336
300,0.344
301,0.399
302,0.269
303,0.306
304,0.21
305,0.399
306,0.232
307,0.379
308,0.411
309,0.382
310,0.119
311,0.436
312,0.25
313,0.496
314,0.367
315,0.295
316,0.326
317,0.357
318,0.309
319,0.483
320,0.435
321,0.454
322,0.224
323,0.245
324,0.439
325,0.315
326,0.397
327,0.466
328,0.375
329,0.382
330,0.499
331,0.392
332,0.462
333,0.459
334,0.513
335,0.339
336,0.318
337,0.337
338,0.391
339,0.405
340,0.48
341,0.284
342,0.419
343,0.443
344,0.218
345,0.42
346,0.477
347,0.393
348,0.472
349,0.236
350,0.538
351,0.412
352,0.443
353,0.152
354,0.47
355,0.43
356,0.272
357,0.531
358,0.336
359,0.471
360,0.474
361,0.413
362,0.458
363,0.589
364,0.503
365,0.32
366,0.504
367,0.273
368,0.165
369,0.482
370,0.062
371,0.42
372,0.453
373,0.446
374,0.312
375,0.458
376,0.364
377,0.355
378,0.453
379,0.445
380,0.339
381,0.09
382,0.206
383,0.326
384,0.3
385,0.44
386,0.192
387,0.389
388,0.288
389,0.416
390,0.17
391,0.369
392,0.474
393,0.406
394,0.539
395,0.246
396,0.421
397,0.356
398,0.353
399,0.343
400,0.385
401,0.283
402,0.405
403,0.143
404,0.33
405,0.367
406,0.226
407,0.335
408,0.359
409,0.515
410,0.469
411,0.376
412,0.275
413,0.356
414,0.341
415,0.378
416,0.401
417,0.194
418,0.473
419,0.452
420,0.398
421,0.393
422,0.519
423,0.507
424,0.396
425,0.279
426,0.336
427,0.303
428,0.264
429,0.326
430,0.398
431,0.498
432,0.323
433,0.438
434,0.466
435,0.367
436,0.44
437,0.337
438,0.467
439,0.461
440,0.183
441,0.509
442,0.149
443,0.351
444,0.196
445,0.375
446,0.371
447,0.422
448,0.118
449,0.491
450,0.331
451,0.547
452,0.348
453,0.407
454,0.423
455,0.234
456,0.446
457,0.379
458,0.487
459,0.487
460,0.551
461,0.46
462,0.259
463,0.395
464,0.388
465,0.178
466,0.329
467,0.155
468,0.458
469,0.432
470,0.442
471,0.504
472,0.345
473,0.359
474,0.577
475,0.452
476,0.281
477,0.422
478,0.433
479,0.234
480,0.463
481,0.427
482,0.536
483,0.27
484,0.327
485,0.238
486,0.286
487,0.427
488,0.244
489,0.456
490,0.473
491,0.411
492,0.399
493,0.471
494,0.532
495,0.472
496,0.224
497,0.442
498,0.51
499,0.413
500,0.561
501,0.254
502,0.23
503,0.434
504,0.439
505,0.403
506,0.546
507,0.467
508,0.415
509,0.359
510,0.381
511,0.215
512,0.267
513,0.311
514,0.2
515,0.301
516,0.412
517,0.144
518,0.343
519,0.302
520,0.269
521,0.333
522,0.508
523,0.456
524,0.389
525,0.266
526,0.405
527,0.55
528,0.353
529,0.495
530,0.271
531,0.44
532,0.448
533,0.378
534,0.429
535,0.411
536,0.446
537,0.481
538,0.441
539,0.268
540,0.476
541,0.339
542,0.284
543,0.363
544,0.492
545,0.275
546,0.404
547,0.317
548,0.331
549,0.351
550,0.237
551,0.236
552,0.473
553,0.491
554,0.506
555,0.27
556,0.43
557,0.397
558,0.439
559,0.465
560,0.482
561,0.365
562,0.354
563,0.238
564,0.491
565,0.287
566,0.65
567,0.219
568,0.272
569,0.351
570,0.497
571,0.353
572,0.396
573,0.465
574,0.52
575,0.397
576,0.205
577,0.293
578,0.445
579,0.341
580,0.323
581,0.529
582,0.507
583,0.297
584,0.287
585,0.366
586,0.18
587,0.379
588,0.529
589,0.413
590,0.339
591,0.344
592,0.45
593,0.317
594,0.273
595,0.43
596,0.543
597,0.336
598,0.396
599,0.226
600,0.458
601,0.271
602,0.413
603,0.375
604,0.231
605,0.407
606,0.319
607,0.346
608,0.503
609,0.461
610,0.149
611,0.48
612,0.388
613,0.453
614,0.49
615,0.435
616,0.436
617,0.394
618,0.521
619,0.39
620,0.577
621,0.432
622,0.395
623,0.393
624,0.475
625,0.55
626,0.497
627,0.51
628,0.446
629,0.468
630,0.407
631,0.374
632,0.318
633,0.068
634,0.426
635,0.474
636,0.49
637,0.433
638,0.479
639,0.294
640,0.205
641,0.557
642,0.367
643,0.477
644,0.582
645,0.393
646,0.173
647,0.416
648,0.475
649,0.476
650,0.459
651,0.409
652,0.424
653,0.479
654,0.323
655,0.389
656,0.372
657,0.324
658,0.431
659,0.465
660,0.317
661,0.385
662,0.294
663,0.214
664,0.433
665,0.408
666,0.526
667,0.459
668,0.533
669,0.143
670,0.358
671,0.489
672,0.496
673,0.507
674,0.533
675,0.397
676,0.332
677,0.462
678,0.239
679,0.284
680,0.335
681,0.381
682,0.453
683,0.567
684,0.325
685,0.369
686,0.536
687,0.413
688,0.311
689,0.463
690,0.406
691,0.487
692,0.488
693,0.44
694,0.468
695,0.309
696,0.427
697,0.376
698,0.383
699,0.43
700,0.376
701,0.545
702,0.379
703,0.39
704,0.388
705,0.272
706,0.1
707,0.468
708,0.505
709,0.292
710,0.284
711,0.403
712,0.485
713,0.398
714,0.463
715,0.301
716,0.144
717,0.306
718,0.295
719,0.5
720,0.39
721,0.355
722,0.18
723,0.61
724,0.525
725,0.489
726,0.382
727,0.306
728,0.381
729,0.425
730,0.509
731,0.278
732,0.2
733,0.399
734,0.558
735,0.403
736,0.302
737,0.398
738,0.416
739,0.508
740,0.363
741,0.312
742,0.082
743,0.328
744,0.365
745,0.337
746,0.342
747,0.367
748,0.387
749,0.659
750,0.346
751,0.438
752,0.432
753,0.427
754,0.39
755,0.395
756,0.259
757,0.281
758,0.473
759,0.287
760,0.392
761,0.316
762,0.469
763,0.36
764,0.4
765,0.334
766,0.422
767,0.414
768,0.524
769,0.326
770,0.558
771,0.546
772,0.526
773,0.499
774,0.477
775,0.395
776,0.286
777,0.477
778,0.357
779,0.215
780,0.487
781,0.309
782,0.34
783,0.351
784,0.49
785,0.361
786,0.419
787,0.447
788,0.293
789,0.372
790,0.182
791,0.315
792,0.479
793,0.401
794,0.192
795,0.43
796,0.46
797,0.422
798,0.416
799,0.419
800,0.34
801,0.273
802,0.184
803,0.279
804,0.344
805,0.5
806,0.408
807,0.174
808,0.196
809,0.199
810,0.084
811,0.535
812,0.238
813,0.437
814,0.509
815,0.263
816,0.43
817,0.364
818,0.239
819,0.333
820,0.399
821,0.06
822,0.215
823,0.485
824,0.384
825,0.052
826,0.315
827,0.161
828,0.406
829,0.219
830,0.303
831,0.078
832,0.094
833,0.388
834,0.292
835,0.374
836,0.417
837,0.475
838,0.364
839,0.362
840,0.524
841,0.424
842,0.227
843,0.296
844,0.405
845,0.235
846,0.518
847,0.115
848,0.213
849,0.276
850,0.118
851,0.446
852,0.368
853,0.279
854,0.142
855,0.442
856,0.171
857,0.255
858,0.212
859,0.357
860,0.55
861,0.288
862,0.115
863,0.233
864,0.311
865,0.428
866,0.45
867,0.248
868,0.317
869,0.292
870,0.328
871,0.457
872,0.234
873,0.249
874,0.284
875,0.465
876,0.48
877,0.271
878,0.482
879,0.316
880,0.321
881,0.385
882,0.387
883,0.328
884,0.252
885,0.423
886,0.11
887,0.302
888,0.241
889,0.167
890,0.212
891,0.453
892,0.183
893,0.468
894,0.376
895,0.319
896,0.222
897,0.288
898,0.329
899,0.106
900,0.328
901,0.391
902,0.448
903,0.451
904,0.519
905,0.358
906,0.298
907,0.23
908,0.31
909,0.445
910,0.382
911,0.228
912,0.299
913,0.175
914,0.347
915,0.329
916,0.339
917,0.436
918,0.249
919,0.387
920,0.426
921,0.415
922,0.334
923,0.38
924,0.36
925,0.341
926,0.508
927,0.312
928,0.305
929,0.205
930,0.455
931,0.432
932,0.132
933,0.176
934,0.3
935,0.28
936,0.471
937,0.24
938,0.358
939,0.311
940,0.431
941,0.46
942,0.367
943,0.245
944,0.339
945,0.476
946,0.384
947,0.176
948,0.268
949,0.424
950,0.338
951,0.399
952,0.226
953,0.408
954,0.503
955,0.348
956,0.194
957,0.3
958,0.288
959,0.326
960,0.359
961,0.295
962,0.323
963,0.153
964,0.08
965,0.406
966,0.159
967,0.408
968,0.328
969,0.601
970,0.199
971,0.245
972,0.286
973,0.338
974,0.516
975,0.347
976,0.404
977,0.391
978,0.395
979,0.336
980,0.378
981,0.464
982,0.309
983,0.136
984,0.319
985,0.179
986,0.322
987,0.194
988,0.123
989,0.27
990,0.463
991,0.364
992,0.144
993,0.112
994,0.327
995,0.139
996,0.39
997,0.117
998,0.091
999,0.45
1000,0.422
1001,0.469
1002,0.275
1003,0.07
1004,0.278
1005,0.348
1006,0.34
1007,0.449
1008,0.222
1009,0.229
1010,0.427
1011,0.344
1012,0.309
1013,0.443
1014,0.139
1015,0.399
1016,0.371
1017,0.227
1018,0.292
1019,0.174
1020,0.274
1021,0.25
1022,0.354
1023,0.179
1024,0.218
1025,0.091
1026,0.129
1027,0.347
1028,0.087
1029,0.348
1030,0.519
1031,0.1
1032,0.153
1033,0.386
1034,0.496
1035,0.106
1036,0.349
1037,0.31
1038,0.26
1039,0.087
1040,0.2
1041,0.274
1042,0.28
1043,0.439
1044,0.486
1045,0.283
1046,0.446
1047,0.281
1048,0.389
1049,0.394
1050,0.269
1051,0.115
1052,0.327
1053,0.264
1054,0.384
1055,0.191
1056,0.422
1057,0.458
1058,0.305
1059,0.354
1060,0.163
1061,0.058
1062,0.162
1063,0.35
1064,0.283
1065,0.067
1066,0.252
1067,0.265
1068,0.304
1069,0.372
1070,0.367
1071,0.316
1072,0.342
1073,0.296
1074,0.217
1075,0.339
1076,0.426
1077,0.472
1078,0.321
1079,0.524
1080,0.321
1081,0.493
1082,0.277
1083,0.279
1084,0.312
1085,0.344
1086,0.274
1087,0.326
1088,0.136
1089,0.354
1090,0.167
1091,0.221
1092,0.257
1093,0.196
1094,0.483
1095,0.327
1096,0.269
1097,0.265
1098,0.232
1099,0.209
1100,0.229
1101,0.564
1102,0.425
1103,0.415
1104,0.441
1105,0.122
1106,0.215
1107,0.426
1108,0.343
1109,0.344
1110,0.458
1111,0.507
1112,0.37
1113,0.388
1114,0.491
1115,0.245
1116,0.15
1117,0.402
1118,0.452
1119,0.313
1120,0.5
1121,0.366
1122,0.314
1123,0.336
1124,0.279
1125,0.212
1126,0.424
1127,0.196
1128,0.42
1129,0.36
1130,0.102
1131,0.478
1132,0.284
1133,0.375
1134,0.328
1135,0.103
1136,0.381
1137,0.308
1138,0.418
1139,0.422
1140,0.322
1141,0.394
1142,0.429
1143,0.217
1144,0.337
1145,0.29
1146,0.375
1147,0.186
1148,0.181
1149,0.442
1150,0.191
1151,0.427
1152,0.21
1153,0.312
1154,0.471
1155,0.526
1156,0.192
1157,0.469
1158,0.432
1159,0.23
1160,0.376
1161,0.463
1162,0.353
1163,0.388
1164,0.154
1165,0.367
1166,0.341
1167,0.167
1168,0.322
1169,0.319
1170,0.488
1171,0.364
1172,0.301
1173,0.263
1174,0.229
1175,0.253
1176,0.241
1177,0.47
1178,0.483
1179,0.313
1180,0.432
1181,0.385
1182,0.506
1183,0.34
1184,0.151
1185,0.127
1186,0.394
1187,0.233
1188,0.199
1189,0.123
1190,0.358
1191,0.336
1192,0.386
1193,0.442
1194,0.262
1195,0.313
1196,0.399
1197,0.266
1198,0.109
1199,0.372
1200,0.471
1201,0.51
1202,0.335
1203,0.34
1204,0.347
1205,0.214
1206,0.46
1207,0.399
1208,0.292
1209,0.529
1210,0.332
1211,0.306
1212,0.444
1213,0.283
1214,0.401
1215,0.268
1216,0.446
1217,0.348
1218,0.415
1219,0.359
1220,0.198
1221,0.287
1222,0.311
1223,0.166
1224,0.446
1225,0.147
1226,0.478
1227,0.483
1228,0.373
1229,0.238
1230,0.449
1231,0.262
1232,0.381
1233,0.445
1234,0.263
1235,0.465
1236,0.202
1237,0.222
1238,0.261
1239,0.356
1240,0.401
1241,0.454
1242,0.358
1243,0.283
1244,0.467
1245,0.324
1246,0.451
1247,0.288
1248,0.34
1249,0.406
1250,0.221
1251,0.398
1252,0.332
1253,0.355
1254,0.219
1255,0.282
1256,0.391
1257,0.386
1258,0.151
1259,0.253
1260,0.337
1261,0.315
1262,0.3
1263,0.505
1264,0.409
1265,0.225
1266,0.257
1267,0.364
1268,0.295
1269,0.218
1270,0.437
1271,0.18
1272,0.253
1273,0.381
1274,0.384
1275,0.347
1276,0.446
1277,0.415
1278,0.407
1279,0.159
1280,0.357
1281,0.44
1282,0.355
1283,0.342
1284,0.374
1285,0.55
1286,0.33
1287,0.302
1288,0.368
1289,0.397
1290,0.356
1291,0.306
1292,0.214
1293,0.283
1294,0.273
1295,0.365
1296,0.37
1297,0.116
1298,0.252
1299,0.436
1300,0.348
1301,0.448
1302,0.393
1303,0.155
1304,0.111
1305,0.348
1306,0.357
1307,0.409
1308,0.353
1309,0.432
1310,0.18
1311,0.317
1312,0.108
1313,0.415
1314,0.432
1315,0.355
1316,0.386
1317,0.528
1318,0.224
1319,0.53
1320,0.387
1321,0.217
1322,0.224
1323,0.433
1324,0.25
1325,0.363
1326,0.171
1327,0.268
1328,0.373
1329,0.371
1330,0.07
1331,0.407
1332,0.201
1333,0.272
1334,0.116
1335,0.459
1336,0.122
1337,0.273
1338,0.371
1339,0.564
1340,0.154
1341,0.404
1342,0.4
1343,0.052
1344,0.091
1345,0.351
1346,0.242
1347,0.393
1348,0.433
1349,0.341
1350,0.48
1351,0.339
1352,0.424
1353,0.367
1354,0.313
1355,0.244
1356,0.172
1357,0.406
1358,0.411
1359,0.317
1360,0.29
1361,0.349
1362,0.458
1363,0.153
1364,0.434
1365,0.266
1366,0.153
1367,0.362
1368,0.387
1369,0.16
1370,0.063
1371,0.143
1372,0.421
1373,0.387
1374,0.422
1375,0.456
1376,0.127
1377,0.415
1378,0.366
1379,0.227
1380,0.209
1381,0.3
1382,0.321
1383,0.361
1384,0.353
1385,0.291
1386,0.238
1387,0.31
1388,0.386
1389,0.196
1390,0.522
1391,0.171
1392,0.345
1393,0.394
1394,0.383
1395,0.302
1396,0.294
1397,0.416
1398,0.507
1399,0.472
1400,0.375
1401,0.432
1402,0.383
1403,0.458
1404,0.467
1405,0.354
1406,0.188
1407,0.396
1408,0.377
1409,0.178
1410,0.473
1411,0.311
1412,0.404
1413,0.285
1414,0.406
1415,0.288
1416,0.299
1417,0.462
1418,0.359
1419,0.372
1420,0.36
1421,0.437
1422,0.307
1423,0.182
1424,0.218
1425,0.232
1426,0.26
1427,0.307
1428,0.295
1429,0.394
1430,0.294
1431,0.453
1432,0.408
1433,0.455
1434,0.478
1435,0.338
1436,0.423
1437,0.401
1438,0.37
1439,0.088
1440,0.332
1441,0.22
1442,0.283
1443,0.207
1444,0.489
1445,0.439
1446,0.367
1447,0.411
1448,0.464
1449,0.438
1450,0.522
1451,0.212
1452,0.409
1453,0.157
1454,0.472
1455,0.428
1456,0.494
1457,0.349
1458,0.56
1459,0.283
1460,0.471
1461,0.279
1462,0.443
1463,0.394
1464,0.417
1465,0.327
1466,0.492
1467,0.491
1468,0.309
1469,0.415
1470,0.441
1471,0.283
1472,0.352
1473,0.218
1474,0.285
1475,0.349
1476,0.282
1477,0.296
1478,0.397
1479,0.462
1480,0.219
1481,0.173
1482,0.479
1483,0.685
1484,0.387
1485,0.352
1486,0.274
1487,0.416
1488,0.411
1489,0.296
1490,0.459
1491,0.482
1492,0.277
1493,0.461
1494,0.481
1495,0.562
1496,0.432
1497,0.436
1498,0.203
1499,0.387
1500,0.371
1501,0.489
1502,0.421
1503,0.253
1504,0.355
1505,0.319
1506,0.173
1507,0.233
1508,0.417
1509,0.337
1510,0.336
1511,0.328
1512,0.44
1513,0.214
1514,0.415
1515,0.287
1516,0.254
1517,0.296
1518,0.413
1519,0.412
1520,0.482
1521,0.277
1522,0.42
1523,0.436
1524,0.196
1525,0.454
1526,0.389
1527,0.334
1528,0.454
1529,0.227
1530,0.169
1531,0.273
1532,0.468
1533,0.219
1534,0.072
1535,0.365
1536,0.471
1537,0.46
1538,0.433
1539,0.269
1540,0.22
1541,0.121
1542,0.367
1543,0.368
1544,0.339
1545,0.283
1546,0.33
1547,0.109
1548,0.458
1549,0.401
1550,0.269
1551,0.309
1552,0.237
1553,0.397
1554,0.366
1555,0.56
1556,0.351
1557,0.47
1558,0.502
1559,0.445
1560,0.411
1561,0.336
1562,0.316
1563,0.253
1564,0.495
1565,0.335
1566,0.077
1567,0.475
1568,0.338
1569,0.222
1570,0.36
1571,0.29
1572,0.569
1573,0.214
1574,0.22
1575,0.346
1576,0.299
1577,0.213
1578,0.445
1579,0.365
1580,0.117
1581,0.338
1582,0.197
1583,0.231
1584,0.456
1585,0.072
1586,0.255
1587,0.409
1588,0.457
1589,0.304
1590,0.362
1591,0.324
1592,0.29
1593,0.453
1594,0.423
1595,0.204
1596,0.156
1597,0.335
1598,0.27
1599,0.214
