review_id,repeated_word_ratio,generic_phrase_count,adjective_ratio,superlative_count
0,0.017857142857142905,0,0.10833333333333334,0.0
1,0.09999999999999998,0,0.125,1.0
2,0.12149532710280375,0,0.08974358974358974,1.0
3,0.140625,0,0.07586206896551724,1.0
4,0.0,0,0.1,0.0
5,0.1630434782608695,0,0.07142857142857142,0.0
6,0.03389830508474578,0,0.07692307692307693,0.0
7,0.1029411764705882,0,0.09933774834437085,1.0
8,0.20512820512820518,0,0.08152173913043478,0.0
9,0.08333333333333337,0,0.08823529411764706,1.0
10,0.1610738255033557,1,0.06470588235294118,1.0
11,0.11538461538461542,0,0.11965811965811966,0.0
12,0.18840579710144922,0,0.06868131868131869,0.0
13,0.08333333333333337,0,0.06796116504854369,0.0
14,0.24309392265193375,0,0.07551487414187644,0.0
15,0.05882352941176472,0,0.13924050632911392,0.0
16,0.0625,0,0.15873015873015872,0.0
17,0.06060606060606055,0,0.12195121951219512,0.0
18,0.1578947368421053,1,0.07234042553191489,0.0
19,0.0714285714285714,0,0.08247422680412371,1.0
20,0.07499999999999996,1,0.1276595744680851,0.0
21,0.12307692307692308,0,0.09090909090909091,0.0
22,0.040000000000000036,1,0.0784313725490196,0.0
23,0.07407407407407407,1,0.125,0.0
24,0.024390243902439046,0,0.13186813186813187,0.0
25,0.13580246913580252,0,0.10465116279069768,1.0
26,0.11428571428571432,0,0.11578947368421053,1.0
27,0.050000000000000044,0,0.10869565217391304,0.0
28,0.08602150537634412,0,0.11059907834101383,0.0
29,0.12307692307692308,1,0.07317073170731707,0.0
30,0.0,0,0.11764705882352941,0.0
31,0.08620689655172409,0,0.08130081300813008,0.0
32,0.07692307692307687,0,0.13274336283185842,1.0
33,0.13414634146341464,0,0.08163265306122448,0.0
34,0.06382978723404253,0,0.10256410256410256,0.0
35,0.09375,0,0.09333333333333334,0.0
36,0.1282051282051282,0,0.17721518987341772,0.0
37,0.19354838709677424,0,0.12857142857142856,0.0
38,0.10169491525423724,0,0.09090909090909091,0.0
39,0.12,0,0.1206896551724138,0.0
40,0.21999999999999997,0,0.11650485436893204,0.0
41,0.11111111111111116,0,0.0962566844919786,0.0
42,0.19780219780219777,0,0.11557788944723618,0.0
43,0.109375,1,0.07482993197278912,0.0
44,0.07999999999999996,0,0.07017543859649122,0.0
45,0.07999999999999996,0,0.07647058823529412,0.0
46,0.037735849056603765,0,0.06293706293706294,0.0
47,0.07499999999999996,0,0.05747126436781609,0.0
48,0.04347826086956519,0,0.09243697478991597,0.0
49,0.0625,0,0.07194244604316546,1.0
50,0.171875,0,0.11188811188811189,0.0
51,0.18823529411764706,1,0.08743169398907104,0.0
52,0.2640449438202247,0,0.0792838874680307,1.0
53,0.0357142857142857,0,0.11475409836065574,0.0
54,0.13207547169811318,0,0.07569721115537849,1.0
55,0.1063829787234043,0,0.04854368932038835,1.0
56,0.11111111111111116,0,0.12121212121212122,0.0
57,0.1428571428571429,0,0.07169811320754717,0.0
58,0.09523809523809523,0,0.1,0.0
59,0.06666666666666665,0,0.12612612612612611,0.0
60,0.06818181818181823,0,0.16883116883116883,0.0
61,0.19999999999999996,0,0.06944444444444445,0.0
62,0.28899082568807344,0,0.0682261208576998,0.0
63,0.13725490196078427,1,0.09433962264150944,0.0
64,0.17796610169491522,0,0.0673758865248227,0.0
65,0.18000000000000005,0,0.07716049382716049,0.0
66,0.19383259911894268,0,0.09795918367346938,1.0
67,0.09677419354838712,0,0.06201550387596899,1.0
68,0.040000000000000036,0,0.06451612903225806,0.0
69,0.0,0,0.14285714285714285,0.0
70,0.1777777777777778,0,0.09900990099009901,0.0
71,0.018181818181818188,0,0.12280701754385964,0.0
72,0.07608695652173914,0,0.12135922330097088,0.0
73,0.17391304347826086,1,0.08650519031141868,0.0
74,0.07317073170731703,0,0.10227272727272728,1.0
75,0.08064516129032262,0,0.0945945945945946,0.0
76,0.18840579710144922,1,0.07926829268292683,0.0
77,0.16091954022988508,1,0.0972972972972973,1.0
78,0.07894736842105265,0,0.033707865168539325,0.0
79,0.12765957446808507,0,0.09803921568627451,0.0
80,0.11111111111111116,0,0.09195402298850575,2.0
81,0.07407407407407407,0,0.10909090909090909,0.0
82,0.1717171717171717,0,0.0966183574879227,0.0
83,0.1785714285714286,0,0.05612244897959184,0.0
84,0.25,0,0.08837209302325581,0.0
85,0.16129032258064513,0,0.08450704225352113,1.0
86,0.05714285714285716,0,0.07894736842105263,1.0
87,0.10606060606060608,1,0.08588957055214724,0.0
88,0.050000000000000044,0,0.0660377358490566,0.0
89,0.16129032258064513,0,0.14814814814814814,2.0
90,0.07692307692307687,0,0.13333333333333333,1.0
91,0.0892857142857143,0,0.1791044776119403,1.0
92,0.11627906976744184,1,0.09523809523809523,0.0
93,0.09090909090909094,0,0.07258064516129033,0.0
94,0.13793103448275867,0,0.04819277108433735,1.0
95,0.16129032258064513,0,0.12121212121212122,0.0
96,0.11111111111111116,0,0.09411764705882353,1.0
97,0.13095238095238093,0,0.10810810810810811,0.0
98,0.13793103448275867,1,0.07106598984771574,0.0
99,0.20512820512820518,0,0.10909090909090909,0.0
100,0.1636363636363637,0,0.08256880733944955,0.0
101,0.0625,0,0.08333333333333333,0.0
102,0.13043478260869568,0,0.08771929824561403,0.0
103,0.16279069767441856,1,0.06818181818181818,0.0
104,0.12195121951219512,0,0.08080808080808081,0.0
105,0.11428571428571432,0,0.11538461538461539,1.0
106,0.16981132075471694,0,0.09166666666666666,1.0
107,0.09999999999999998,0,0.09734513274336283,0.0
108,0.125,0,0.05521472392638037,1.0
109,0.10810810810810811,0,0.054945054945054944,0.0
110,0.1428571428571429,0,0.06521739130434782,0.0
111,0.09302325581395354,0,0.0851063829787234,0.0
112,0.1875,0,0.08333333333333333,0.0
113,0.10256410256410253,0,0.10869565217391304,1.0
114,0.0714285714285714,0,0.10465116279069768,0.0
115,0.04347826086956519,0,0.1111111111111111,0.0
116,0.07692307692307687,0,0.10227272727272728,0.0
117,0.2295081967213115,0,0.07086614173228346,0.0
118,0.10869565217391308,0,0.0825242718446602,0.0
119,0.18867924528301883,0,0.1048951048951049,1.0
120,0.11904761904761907,0,0.11494252873563218,1.0
121,0.038461538461538436,0,0.041666666666666664,0.0
122,0.22972972972972971,2,0.09195402298850575,2.0
123,0.20618556701030932,0,0.08558558558558559,2.0
124,0.0892857142857143,0,0.05426356589147287,0.0
125,0.0888888888888889,0,0.11818181818181818,0.0
126,0.22580645161290325,0,0.06787330316742081,1.0
127,0.1428571428571429,0,0.10869565217391304,0.0
128,0.19298245614035092,0,0.09655172413793103,0.0
129,0.18367346938775508,1,0.04477611940298507,0.0
130,0.12,0,0.16363636363636364,0.0
131,0.19117647058823528,2,0.06040268456375839,0.0
132,0.16161616161616166,1,0.09545454545454546,0.0
133,0.0,1,0.08536585365853659,0.0
134,0.07692307692307687,0,0.08955223880597014,0.0
135,0.05555555555555558,0,0.08333333333333333,0.0
136,0.08333333333333337,0,0.11678832116788321,1.0
137,0.23809523809523814,1,0.07885304659498207,1.0
138,0.14754098360655743,1,0.07784431137724551,1.0
139,0.16393442622950816,0,0.07462686567164178,0.0
140,0.13953488372093026,1,0.09289617486338798,1.0
141,0.15384615384615385,0,0.06153846153846154,3.0
142,0.09615384615384615,0,0.1262135922330097,0.0
143,0.1515151515151515,0,0.02247191011235955,0.0
144,0.13043478260869568,0,0.09401709401709402,0.0
145,0.0888888888888889,1,0.039603960396039604,0.0
146,0.1228070175438597,0,0.09090909090909091,1.0
147,0.23584905660377353,1,0.07053941908713693,0.0
148,0.10810810810810811,0,0.08080808080808081,0.0
149,0.2075471698113207,0,0.023255813953488372,0.0
150,0.1384615384615384,0,0.08552631578947369,1.0
151,0.22857142857142854,0,0.0958904109589041,0.0
152,0.09375,0,0.08333333333333333,0.0
153,0.0,0,0.11290322580645161,0.0
154,0.19999999999999996,0,0.06944444444444445,0.0
155,0.08108108108108103,0,0.07647058823529412,0.0
156,0.05769230769230771,0,0.11504424778761062,1.0
157,0.16153846153846152,0,0.10377358490566038,1.0
158,0.12345679012345678,0,0.07537688442211055,2.0
159,0.2670454545454546,0,0.07712082262210797,1.0
160,0.13235294117647056,0,0.05925925925925926,0.0
161,0.0714285714285714,0,0.12307692307692308,0.0
162,0.160377358490566,0,0.0743801652892562,0.0
163,0.23376623376623373,1,0.08,0.0
164,0.09090909090909094,0,0.0847457627118644,0.0
165,0.16666666666666663,0,0.07777777777777778,0.0
166,0.14,0,0.050505050505050504,0.0
167,0.09589041095890416,0,0.10493827160493827,0.0
168,0.040000000000000036,0,0.11290322580645161,0.0
169,0.020000000000000018,0,0.07017543859649122,2.0
170,0.18367346938775508,0,0.04672897196261682,0.0
171,0.07526881720430112,0,0.0821256038647343,0.0
172,0.03703703703703709,0,0.07575757575757576,0.0
173,0.04347826086956519,0,0.07368421052631578,0.0
174,0.13207547169811318,0,0.064,0.0
175,0.16000000000000003,0,0.14583333333333334,0.0
176,0.11428571428571432,0,0.11646586345381527,0.0
177,0.08695652173913049,0,0.06,0.0
178,0.09259259259259256,1,0.08333333333333333,0.0
179,0.10989010989010994,1,0.09183673469387756,1.0
180,0.05405405405405406,0,0.11267605633802817,0.0
181,0.12195121951219512,0,0.13333333333333333,0.0
182,0.0821917808219178,0,0.09523809523809523,1.0
183,0.12941176470588234,0,0.07729468599033816,0.0
184,0.11111111111111116,0,0.08118081180811808,0.0
185,0.18888888888888888,0,0.06147540983606557,0.0
186,0.11578947368421055,0,0.08315565031982942,0.0
187,0.21666666666666667,2,0.12949640287769784,2.0
188,0.0,1,0.10810810810810811,0.0
189,0.04878048780487809,0,0.12,1.0
190,0.04255319148936165,0,0.08520179372197309,0.0
191,0.14814814814814814,0,0.04838709677419355,0.0
192,0.023255813953488413,0,0.09523809523809523,0.0
193,0.07894736842105265,0,0.1232876712328767,0.0
194,0.09615384615384615,0,0.08870967741935484,0.0
195,0.09836065573770492,0,0.08441558441558442,0.0
196,0.07692307692307687,0,0.054945054945054944,0.0
197,0.16176470588235292,0,0.06629834254143646,0.0
198,0.10344827586206895,0,0.07407407407407407,0.0
199,0.13559322033898302,0,0.10833333333333334,1.0
200,0.1132075471698113,0,0.08035714285714286,0.0
201,0.02083333333333337,1,0.14583333333333334,0.0
202,0.09999999999999998,0,0.07518796992481203,0.0
203,0.21212121212121215,0,0.12738853503184713,1.0
204,0.1466666666666666,0,0.09883720930232558,0.0
205,0.15714285714285714,0,0.09271523178807947,1.0
206,0.14457831325301207,0,0.06486486486486487,0.0
207,0.0,0,0.10638297872340426,0.0
208,0.06818181818181823,0,0.13861386138613863,0.0
209,0.0,0,0.11267605633802817,0.0
210,0.06896551724137934,1,0.04477611940298507,0.0
211,0.08333333333333337,0,0.08403361344537816,1.0
212,0.11428571428571432,0,0.07377049180327869,0.0
213,0.06818181818181823,1,0.13580246913580246,0.0
214,0.22499999999999998,0,0.20454545454545456,0.0
215,0.05769230769230771,0,0.09345794392523364,0.0
216,0.0,0,0.125,0.0
217,0.18487394957983194,0,0.07633587786259542,0.0
218,0.19387755102040816,0,0.10267857142857142,3.0
219,0.32484076433121023,2,0.07272727272727272,0.0
220,0.13461538461538458,2,0.05357142857142857,0.0
221,0.18248175182481752,0,0.0641399416909621,0.0
222,0.18548387096774188,0,0.045454545454545456,0.0
223,0.0357142857142857,0,0.08571428571428572,0.0
224,0.09523809523809523,0,0.1111111111111111,0.0
225,0.09999999999999998,1,0.058823529411764705,0.0
226,0.10144927536231885,0,0.09433962264150944,0.0
227,0.08421052631578951,0,0.08866995073891626,0.0
228,0.06451612903225812,0,0.12658227848101267,1.0
229,0.0,0,0.09090909090909091,0.0
230,0.1063829787234043,1,0.0703125,0.0
231,0.13793103448275867,0,0.10687022900763359,0.0
232,0.09999999999999998,1,0.088,1.0
233,0.10869565217391308,0,0.10185185185185185,0.0
234,0.1216216216216216,1,0.06043956043956044,0.0
235,0.2272727272727273,0,0.09803921568627451,1.0
236,0.033333333333333326,0,0.10810810810810811,0.0
237,0.19999999999999996,0,0.13846153846153847,0.0
238,0.10465116279069764,0,0.13020833333333334,3.0
239,0.272189349112426,1,0.09166666666666666,1.0
240,0.13888888888888884,0,0.06989247311827956,0.0
241,0.14102564102564108,0,0.08648648648648649,0.0
242,0.10344827586206895,0,0.1310344827586207,0.0
243,0.16822429906542058,0,0.0947867298578199,0.0
244,0.1728395061728395,1,0.09615384615384616,0.0
245,0.06349206349206349,0,0.057971014492753624,0.0
246,0.06896551724137934,0,0.07407407407407407,0.0
247,0.04166666666666663,1,0.07291666666666667,1.0
248,0.0,0,0.09900990099009901,0.0
249,0.04878048780487809,0,0.0967741935483871,0.0
250,0.140625,0,0.038461538461538464,0.0
251,0.16000000000000003,0,0.17391304347826086,0.0
252,0.10204081632653061,1,0.07563025210084033,0.0
253,0.13793103448275867,0,0.08870967741935484,0.0
254,0.1724137931034483,0,0.136986301369863,0.0
255,0.05714285714285716,0,0.11392405063291139,1.0
256,0.07317073170731703,0,0.07692307692307693,0.0
257,0.07216494845360821,0,0.0990990990990991,1.0
258,0.13043478260869568,0,0.07272727272727272,0.0
259,0.10606060606060608,1,0.08,0.0
260,0.13186813186813184,0,0.10328638497652583,0.0
261,0.18681318681318682,0,0.095,1.0
262,0.06493506493506496,0,0.09826589595375723,0.0
263,0.06976744186046513,0,0.10619469026548672,1.0
264,0.14634146341463417,0,0.10101010101010101,1.0
265,0.08333333333333337,1,0.07272727272727272,1.0
266,0.07499999999999996,0,0.15384615384615385,0.0
267,0.15384615384615385,0,0.1032258064516129,0.0
268,0.2142857142857143,0,0.06995884773662552,0.0
269,0.15306122448979587,0,0.06862745098039216,1.0
270,0.17333333333333334,0,0.0718562874251497,0.0
271,0.07999999999999996,0,0.05357142857142857,0.0
272,0.0357142857142857,0,0.02564102564102564,0.0
273,0.11764705882352944,0,0.11564625850340136,0.0
274,0.0714285714285714,1,0.07246376811594203,2.0
275,0.0714285714285714,0,0.1076923076923077,0.0
276,0.12658227848101267,0,0.061224489795918366,1.0
277,0.0,0,0.17777777777777778,0.0
278,0.05882352941176472,0,0.025974025974025976,1.0
279,0.17391304347826086,0,0.08021390374331551,0.0
280,0.11940298507462688,0,0.07741935483870968,0.0
281,0.07692307692307687,0,0.04964539007092199,0.0
282,0.15200000000000002,1,0.09333333333333334,1.0
283,0.0,0,0.15942028985507245,0.0
284,0.16666666666666663,0,0.07906976744186046,0.0
285,0.19277108433734935,0,0.07692307692307693,0.0
286,0.07499999999999996,0,0.08791208791208792,0.0
287,0.08620689655172409,0,0.10569105691056911,0.0
288,0.06060606060606055,0,0.11290322580645161,0.0
289,0.10256410256410253,0,0.11377245508982035,1.0
290,0.15000000000000002,0,0.07633587786259542,0.0
291,0.1466666666666666,0,0.09467455621301775,0.0
292,0.1578947368421053,0,0.11949685534591195,0.0
293,0.18181818181818177,0,0.0603448275862069,0.0
294,0.17924528301886788,0,0.04365079365079365,0.0
295,0.06349206349206349,0,0.07482993197278912,0.0
296,0.06666666666666665,1,0.09090909090909091,0.0
297,0.05084745762711862,0,0.09219858156028368,0.0
298,0.09090909090909094,0,0.16923076923076924,0.0
299,0.11864406779661019,0,0.06428571428571428,0.0
300,0.08955223880597019,0,0.0949367088607595,1.0
301,0.16000000000000003,1,0.12244897959183673,2.0
302,0.0444444444444444,1,0.12371134020618557,0.0
303,0.02941176470588236,0,0.10126582278481013,1.0
304,0.05882352941176472,1,0.0945945945945946,2.0
305,0.1428571428571429,0,0.1360544217687075,0.0
306,0.11267605633802813,0,0.06382978723404255,0.0
307,0.101123595505618,0,0.07239819004524888,1.0
308,0.04761904761904767,0,0.13636363636363635,0.0
309,0.0,0,0.11320754716981132,0.0
310,0.15025906735751293,0,0.11688311688311688,0.0
311,0.18055555555555558,0,0.09803921568627451,0.0
312,0.0736842105263158,0,0.08292682926829269,0.0
313,0.10204081632653061,0,0.11504424778761062,0.0
314,0.26136363636363635,0,0.08173076923076923,0.0
315,0.09090909090909094,0,0.12162162162162163,0.0
316,0.09999999999999998,0,0.10714285714285714,0.0
317,0.12328767123287676,0,0.10559006211180125,0.0
318,0.0888888888888889,1,0.09665427509293681,2.0
319,0.019607843137254943,0,0.0761904761904762,0.0
320,0.06521739130434778,0,0.06481481481481481,0.0
321,0.0,0,0.11842105263157894,1.0
322,0.05769230769230771,0,0.08695652173913043,0.0
323,0.0444444444444444,1,0.08035714285714286,0.0
324,0.045454545454545414,0,0.13636363636363635,0.0
325,0.08823529411764708,0,0.07051282051282051,0.0
326,0.136986301369863,0,0.0650887573964497,1.0
327,0.125,0,0.07092198581560284,0.0
328,0.0892857142857143,1,0.0859375,1.0
329,0.11538461538461542,0,0.07086614173228346,0.0
330,0.052631578947368474,0,0.16216216216216217,0.0
331,0.05882352941176472,0,0.08849557522123894,0.0
332,0.16129032258064513,0,0.10236220472440945,0.0
333,0.09999999999999998,0,0.13114754098360656,0.0
334,0.038461538461538436,0,0.10294117647058823,0.0
335,0.0898876404494382,0,0.10714285714285714,2.0
336,0.12765957446808507,0,0.1111111111111111,0.0
337,0.02564102564102566,0,0.07777777777777778,0.0
338,0.1923076923076923,0,0.11428571428571428,0.0
339,0.038461538461538436,0,0.125,0.0
340,0.05970149253731338,0,0.08125,1.0
341,0.1428571428571429,0,0.07777777777777778,0.0
342,0.05882352941176472,0,0.09333333333333334,0.0
343,0.0980392156862745,1,0.1702127659574468,0.0
344,0.15000000000000002,0,0.07857142857142857,0.0
345,0.15116279069767447,0,0.07109004739336493,0.0
346,0.1573033707865169,1,0.08133971291866028,3.0
347,0.12121212121212122,0,0.11170212765957446,0.0
348,0.05660377358490565,1,0.08461538461538462,0.0
349,0.0892857142857143,0,0.1,0.0
350,0.0,0,0.11363636363636363,0.0
351,0.15189873417721522,1,0.10869565217391304,1.0
352,0.0625,0,0.08860759493670886,0.0
353,0.16000000000000003,0,0.11428571428571428,1.0
354,0.07317073170731703,0,0.13793103448275862,0.0
355,0.07547169811320753,1,0.058333333333333334,0.0
356,0.14893617021276595,0,0.05982905982905983,1.0
357,0.09090909090909094,1,0.07547169811320754,0.0
358,0.1984732824427481,0,0.0859106529209622,0.0
359,0.1900826446280992,0,0.05693950177935943,0.0
360,0.15254237288135597,0,0.08396946564885496,0.0
361,0.1333333333333333,0,0.08823529411764706,0.0
362,0.06521739130434778,0,0.10526315789473684,0.0
363,0.033333333333333326,0,0.1267605633802817,0.0
364,0.0,0,0.12,1.0
365,0.23170731707317072,0,0.09696969696969697,0.0
366,0.2063492063492064,0,0.1015625,0.0
367,0.14864864864864868,1,0.10303030303030303,0.0
368,0.17721518987341767,0,0.053763440860215055,1.0
369,0.1578947368421053,0,0.10679611650485436,0.0
370,0.1910112359550562,0,0.07881773399014778,0.0
371,0.10447761194029848,0,0.043243243243243246,1.0
372,0.23333333333333328,0,0.08260869565217391,0.0
373,0.06382978723404253,0,0.1016949152542373,1.0
374,0.08108108108108103,1,0.13793103448275862,2.0
375,0.06666666666666665,0,0.05970149253731343,0.0
376,0.07894736842105265,0,0.15789473684210525,1.0
377,0.1573033707865169,1,0.06341463414634146,0.0
378,0.02564102564102566,0,0.10112359550561797,0.0
379,0.021276595744680882,0,0.14018691588785046,0.0
380,0.0357142857142857,0,0.06779661016949153,0.0
381,0.17460317460317465,1,0.08661417322834646,0.0
382,0.21739130434782605,0,0.11801242236024845,0.0
383,0.07317073170731703,0,0.102803738317757,0.0
384,0.125,0,0.07960199004975124,1.0
385,0.0714285714285714,0,0.10989010989010989,0.0
386,0.15094339622641506,0,0.061946902654867256,0.0
387,0.1724137931034483,0,0.07936507936507936,0.0
388,0.0892857142857143,0,0.06569343065693431,0.0
389,0.125,0,0.14285714285714285,0.0
390,0.06060606060606055,0,0.0945945945945946,0.0
391,0.1216216216216216,0,0.08275862068965517,0.0
392,0.061224489795918324,1,0.07142857142857142,0.0
393,0.078125,0,0.09554140127388536,0.0
394,0.039215686274509776,0,0.0975609756097561,0.0
395,0.04761904761904767,0,0.07407407407407407,1.0
396,0.10526315789473684,0,0.08791208791208792,1.0
397,0.15254237288135597,0,0.10884353741496598,0.0
398,0.0,0,0.05555555555555555,0.0
399,0.18181818181818177,0,0.06349206349206349,1.0
400,0.13043478260869568,0,0.08173076923076923,0.0
401,0.09230769230769231,0,0.07142857142857142,1.0
402,0.17272727272727273,1,0.07755102040816327,1.0
403,0.17105263157894735,0,0.09562841530054644,0.0
404,0.11111111111111116,0,0.09836065573770492,0.0
405,0.1768707482993197,1,0.06753246753246753,1.0
406,0.10752688172043012,0,0.08,1.0
407,0.25,1,0.08411214953271028,0.0
408,0.22580645161290325,0,0.07258064516129033,0.0
409,0.07407407407407407,0,0.0743801652892562,0.0
410,0.07692307692307687,1,0.10526315789473684,0.0
411,0.08695652173913049,1,0.09146341463414634,2.0
412,0.08510638297872342,0,0.08035714285714286,1.0
413,0.05882352941176472,0,0.12790697674418605,0.0
414,0.12903225806451613,1,0.08823529411764706,0.0
415,0.09615384615384615,1,0.04838709677419355,0.0
416,0.049180327868852514,0,0.053691275167785234,0.0
417,0.27751196172248804,5,0.07835051546391752,1.0
418,0.19402985074626866,1,0.09420289855072464,0.0
419,0.15873015873015872,0,0.06666666666666667,0.0
420,0.16666666666666663,0,0.1111111111111111,0.0
421,0.14893617021276595,0,0.10204081632653061,1.0
422,0.16000000000000003,0,0.12962962962962962,0.0
423,0.125,1,0.17142857142857143,0.0
424,0.15517241379310343,1,0.11538461538461539,0.0
425,0.09302325581395354,0,0.08888888888888889,0.0
426,0.15384615384615385,0,0.07913669064748201,0.0
427,0.08823529411764708,0,0.0759493670886076,0.0
428,0.125,1,0.09659090909090909,0.0
429,0.17460317460317465,0,0.078125,0.0
430,0.1282051282051282,0,0.12345679012345678,0.0
431,0.08620689655172409,0,0.08571428571428572,0.0
432,0.125,0,0.1282051282051282,2.0
433,0.0,0,0.06976744186046512,0.0
434,0.09999999999999998,0,0.11594202898550725,0.0
435,0.08333333333333337,0,0.10526315789473684,0.0
436,0.2272727272727273,0,0.0673076923076923,0.0
437,0.18000000000000005,0,0.07142857142857142,1.0
438,0.04878048780487809,1,0.07608695652173914,0.0
439,0.06666666666666665,0,0.0684931506849315,0.0
440,0.17647058823529416,0,0.09545454545454546,0.0
441,0.1578947368421053,0,0.07608695652173914,0.0
442,0.10526315789473684,0,0.04477611940298507,0.0
443,0.1228070175438597,0,0.07801418439716312,1.0
444,0.1651376146788991,1,0.08560311284046693,2.0
445,0.15384615384615385,1,0.08943089430894309,0.0
446,0.09756097560975607,0,0.08695652173913043,0.0
447,0.25,0,0.09615384615384616,0.0
448,0.15454545454545454,0,0.10407239819004525,0.0
449,0.0,0,0.1724137931034483,0.0
450,0.0,0,0.11827956989247312,0.0
451,0.10256410256410253,0,0.08641975308641975,0.0
452,0.21568627450980393,0,0.08029197080291971,1.0
453,0.14406779661016944,0,0.07692307692307693,2.0
454,0.04347826086956519,0,0.058333333333333334,0.0
455,0.1686746987951807,0,0.10695187165775401,0.0
456,0.06896551724137934,0,0.10144927536231885,0.0
457,0.0,0,0.07777777777777778,0.0
458,0.0,0,0.11702127659574468,0.0
459,0.03703703703703709,0,0.06557377049180328,0.0
460,0.1923076923076923,0,0.07547169811320754,0.0
461,0.032258064516129004,0,0.09876543209876543,0.0
462,0.20370370370370372,0,0.09022556390977443,0.0
463,0.15384615384615385,0,0.1171875,1.0
464,0.11864406779661019,0,0.12173913043478261,1.0
465,0.15000000000000002,0,0.08571428571428572,0.0
466,0.08510638297872342,1,0.024793388429752067,0.0
467,0.052631578947368474,0,0.08247422680412371,1.0
468,0.1785714285714286,0,0.07518796992481203,1.0
469,0.09999999999999998,0,0.1568627450980392,0.0
470,0.08955223880597019,1,0.10625,1.0
471,0.0,0,0.06779661016949153,0.0
472,0.1348314606741573,0,0.091324200913242,2.0
473,0.0535714285714286,0,0.1092436974789916,0.0
474,0.20588235294117652,0,0.11538461538461539,0.0
475,0.196078431372549,0,0.03571428571428571,0.0
476,0.10989010989010994,0,0.09009009009009009,0.0
477,0.06557377049180324,0,0.1076923076923077,1.0
478,0.171875,1,0.07741935483870968,0.0
479,0.1610738255033557,0,0.09348441926345609,0.0
480,0.125,0,0.12941176470588237,0.0
481,0.07999999999999996,0,0.05357142857142857,0.0
482,0.1454545454545455,1,0.07246376811594203,0.0
483,0.10666666666666669,2,0.0893854748603352,0.0
484,0.16000000000000003,0,0.06542056074766354,1.0
485,0.21138211382113825,0,0.0684931506849315,1.0
486,0.2450980392156863,1,0.06607929515418502,2.0
487,0.09090909090909094,0,0.1590909090909091,0.0
488,0.17391304347826086,0,0.11574074074074074,0.0
489,0.1636363636363637,1,0.0975609756097561,0.0
490,0.05555555555555558,1,0.10714285714285714,0.0
491,0.02564102564102566,0,0.1686746987951807,0.0
492,0.3076923076923077,0,0.0625,0.0
493,0.0714285714285714,0,0.08,0.0
494,0.19999999999999996,0,0.13636363636363635,1.0
495,0.07547169811320753,1,0.09433962264150944,0.0
496,0.17647058823529416,1,0.046153846153846156,1.0
497,0.045454545454545414,0,0.11702127659574468,0.0
498,0.0,0,0.08108108108108109,0.0
499,0.0714285714285714,0,0.0948905109489051,0.0
500,0.18367346938775508,0,0.1092436974789916,0.0
501,0.0535714285714286,0,0.06976744186046512,1.0
502,0.10256410256410253,0,0.0975609756097561,0.0
503,0.11627906976744184,1,0.06862745098039216,0.0
504,0.07894736842105265,0,0.07407407407407407,0.0
505,0.10416666666666663,0,0.04032258064516129,0.0
506,0.10526315789473684,1,0.10869565217391304,1.0
507,0.19148936170212771,1,0.08108108108108109,0.0
508,0.11940298507462688,0,0.0859375,0.0
509,0.15094339622641506,0,0.07518796992481203,0.0
510,0.1607142857142857,0,0.08695652173913043,0.0
511,0.14583333333333337,0,0.09482758620689655,0.0
512,0.09999999999999998,0,0.0873015873015873,0.0
513,0.05128205128205132,0,0.05747126436781609,0.0
514,0.054545454545454564,0,0.09649122807017543,0.0
515,0.15384615384615385,0,0.07207207207207207,0.0
516,0.17460317460317465,1,0.1276595744680851,0.0
517,0.19999999999999996,0,0.07194244604316546,0.0
518,0.18181818181818177,1,0.07100591715976332,0.0
519,0.17543859649122806,0,0.07894736842105263,1.0
520,0.15909090909090906,0,0.052083333333333336,0.0
521,0.18333333333333335,0,0.09090909090909091,0.0
522,0.07499999999999996,0,0.08641975308641975,0.0
523,0.0,0,0.11475409836065574,1.0
524,0.1228070175438597,0,0.12096774193548387,0.0
525,0.10909090909090913,0,0.0703125,0.0
526,0.08823529411764708,0,0.08,0.0
527,0.07999999999999996,1,0.13559322033898305,0.0
528,0.10869565217391308,1,0.09009009009009009,1.0
529,0.1428571428571429,0,0.0759493670886076,0.0
530,0.26050420168067223,1,0.05904059040590406,2.0
531,0.09433962264150941,0,0.0761904761904762,1.0
532,0.07692307692307687,0,0.14285714285714285,0.0
533,0.0444444444444444,1,0.11711711711711711,1.0
534,0.10869565217391308,0,0.03296703296703297,1.0
535,0.10869565217391308,1,0.061224489795918366,0.0
536,0.05660377358490565,0,0.058333333333333334,1.0
537,0.09090909090909094,0,0.08571428571428572,0.0
538,0.11111111111111116,1,0.09022556390977443,2.0
539,0.16666666666666663,0,0.06622516556291391,0.0
540,0.2680412371134021,0,0.10212765957446808,2.0
541,0.10526315789473684,0,0.08139534883720931,0.0
542,0.050000000000000044,0,0.1,0.0
543,0.0,1,0.14084507042253522,0.0
544,0.25287356321839083,1,0.0918918918918919,1.0
545,0.050000000000000044,1,0.08333333333333333,0.0
546,0.06896551724137934,1,0.05714285714285714,0.0
547,0.08695652173913049,0,0.05,0.0
548,0.07692307692307687,0,0.06779661016949153,0.0
549,0.11111111111111116,1,0.14166666666666666,0.0
550,0.12195121951219512,2,0.06382978723404255,1.0
551,0.1325301204819277,1,0.0947867298578199,0.0
552,0.07407407407407407,0,0.12903225806451613,0.0
553,0.08333333333333337,0,0.09375,0.0
554,0.04166666666666663,0,0.08333333333333333,0.0
555,0.1132075471698113,0,0.1,0.0
556,0.19999999999999996,0,0.08843537414965986,1.0
557,0.0,0,0.10714285714285714,0.0
558,0.0,0,0.11688311688311688,0.0
559,0.09090909090909094,0,0.08108108108108109,0.0
560,0.15909090909090906,0,0.0594059405940594,0.0
561,0.0,0,0.09174311926605505,0.0
562,0.1515151515151515,0,0.0880503144654088,0.0
563,0.16153846153846152,0,0.11458333333333333,1.0
564,0.0,1,0.14516129032258066,0.0
565,0.07999999999999996,1,0.08620689655172414,0.0
566,0.22077922077922074,0,0.11464968152866242,0.0
567,0.05633802816901412,2,0.07643312101910828,0.0
568,0.21666666666666667,0,0.059602649006622516,0.0
569,0.20833333333333337,0,0.0783132530120482,1.0
570,0.1470588235294118,1,0.06896551724137931,1.0
571,0.032258064516129004,0,0.11538461538461539,0.0
572,0.17021276595744683,0,0.04807692307692308,0.0
573,0.03448275862068961,0,0.09836065573770492,0.0
574,0.12765957446808507,1,0.12087912087912088,0.0
575,0.10810810810810811,0,0.11494252873563218,0.0
576,0.1351351351351351,0,0.1111111111111111,0.0
577,0.2033898305084746,0,0.08,0.0
578,0.18181818181818177,0,0.1,0.0
579,0.040000000000000036,0,0.1111111111111111,0.0
580,0.09999999999999998,0,0.08,0.0
581,0.036363636363636376,0,0.06201550387596899,1.0
582,0.07999999999999996,0,0.15217391304347827,0.0
583,0.17333333333333334,0,0.06179775280898876,0.0
584,0.10869565217391308,0,0.08333333333333333,0.0
585,0.125,0,0.08181818181818182,1.0
586,0.1216216216216216,0,0.04736842105263158,1.0
587,0.09999999999999998,1,0.06837606837606838,1.0
588,0.16666666666666663,0,0.06293706293706294,0.0
589,0.06976744186046513,1,0.125,1.0
590,0.1709401709401709,1,0.07377049180327869,0.0
591,0.18681318681318682,0,0.09950248756218906,2.0
592,0.2592592592592593,0,0.06349206349206349,0.0
593,0.21568627450980393,0,0.03875968992248062,0.0
594,0.171875,0,0.08139534883720931,0.0
595,0.05714285714285716,0,0.08641975308641975,0.0
596,0.28125,0,0.08121827411167512,1.0
597,0.06976744186046513,0,0.1276595744680851,0.0
598,0.0,0,0.08064516129032258,0.0
599,0.2622950819672131,1,0.06338028169014084,3.0
600,0.125,0,0.061068702290076333,0.0
601,0.125,0,0.06521739130434782,0.0
602,0.07692307692307687,0,0.05063291139240506,0.0
603,0.14754098360655743,1,0.04964539007092199,0.0
604,0.19999999999999996,1,0.075,1.0
605,0.1515151515151515,1,0.04979253112033195,0.0
606,0.061224489795918324,0,0.09278350515463918,0.0
607,0.08333333333333337,0,0.10493827160493827,2.0
608,0.06896551724137934,0,0.13636363636363635,0.0
609,0.05882352941176472,0,0.16216216216216217,0.0
610,0.16842105263157892,1,0.06829268292682927,1.0
611,0.06000000000000005,0,0.0990990990990991,2.0
612,0.25,0,0.05,0.0
613,0.15217391304347827,0,0.13270142180094788,2.0
614,0.16666666666666663,0,0.07,1.0
615,0.14583333333333337,1,0.06557377049180328,0.0
616,0.09999999999999998,0,0.12244897959183673,0.0
617,0.08333333333333337,1,0.09433962264150944,1.0
618,0.17948717948717952,0,0.04938271604938271,0.0
619,0.1875,0,0.09090909090909091,0.0
620,0.14893617021276595,0,0.05,0.0
621,0.1777777777777778,0,0.08673469387755102,0.0
622,0.15000000000000002,1,0.09782608695652174,1.0
623,0.18644067796610164,1,0.07086614173228346,0.0
624,0.17500000000000004,0,0.10784313725490197,0.0
625,0.0,0,0.19444444444444445,0.0
626,0.23931623931623935,0,0.053691275167785234,0.0
627,0.12068965517241381,0,0.06504065040650407,0.0
628,0.14634146341463417,1,0.08791208791208792,0.0
629,0.1515151515151515,0,0.08108108108108109,0.0
630,0.19354838709677424,0,0.08823529411764706,0.0
631,0.1875,0,0.0761904761904762,0.0
632,0.15294117647058825,0,0.08,0.0
633,0.050420168067226934,0,0.03717472118959108,1.0
634,0.09999999999999998,0,0.05555555555555555,0.0
635,0.10666666666666669,0,0.09933774834437085,0.0
636,0.06896551724137934,0,0.043478260869565216,0.0
637,0.2093023255813954,0,0.08629441624365482,1.0
638,0.07692307692307687,0,0.13513513513513514,0.0
639,0.26249999999999996,1,0.05649717514124294,0.0
640,0.17730496453900713,1,0.0761904761904762,1.0
641,0.0,1,0.12,0.0
642,0.15384615384615385,0,0.1111111111111111,1.0
643,0.16129032258064513,0,0.07936507936507936,0.0
644,0.050000000000000044,0,0.0759493670886076,0.0
645,0.10810810810810811,1,0.12101910828025478,0.0
646,0.0461538461538461,0,0.08955223880597014,0.0
647,0.21698113207547165,0,0.13963963963963963,0.0
648,0.25757575757575757,0,0.0948905109489051,0.0
649,0.17391304347826086,0,0.07563025210084033,0.0
650,0.09090909090909094,0,0.05405405405405406,0.0
651,0.17796610169491522,0,0.09090909090909091,1.0
652,0.038461538461538436,0,0.0967741935483871,1.0
653,0.1311475409836066,1,0.08333333333333333,0.0
654,0.20895522388059706,1,0.07017543859649122,1.0
655,0.16666666666666663,0,0.0759493670886076,2.0
656,0.16666666666666663,0,0.07317073170731707,0.0
657,0.030303030303030276,0,0.08641975308641975,0.0
658,0.05882352941176472,1,0.10526315789473684,0.0
659,0.0,0,0.13559322033898305,0.0
660,0.14634146341463417,0,0.05789473684210526,0.0
661,0.07017543859649122,0,0.08461538461538462,0.0
662,0.13793103448275867,0,0.05384615384615385,0.0
663,0.05714285714285716,1,0.0875,0.0
664,0.1132075471698113,1,0.10784313725490197,1.0
665,0.16923076923076918,1,0.054313099041533544,0.0
666,0.06060606060606055,0,0.05319148936170213,0.0
667,0.17391304347826086,0,0.0425531914893617,0.0
668,0.11290322580645162,0,0.1,0.0
669,0.15555555555555556,0,0.07216494845360824,0.0
670,0.13559322033898302,0,0.0625,0.0
671,0.13888888888888884,0,0.0989010989010989,1.0
672,0.16216216216216217,1,0.0738255033557047,0.0
673,0.15909090909090906,0,0.13131313131313133,0.0
674,0.1071428571428571,0,0.1016949152542373,0.0
675,0.125,0,0.08139534883720931,0.0
676,0.17105263157894735,1,0.04975124378109453,1.0
677,0.17441860465116277,0,0.12179487179487179,0.0
678,0.12962962962962965,1,0.1,0.0
679,0.20370370370370372,0,0.10743801652892562,0.0
680,0.07317073170731703,0,0.10526315789473684,1.0
681,0.0888888888888889,0,0.08695652173913043,0.0
682,0.23636363636363633,0,0.0847457627118644,0.0
683,0.09677419354838712,0,0.07142857142857142,0.0
684,0.28125,0,0.09,1.0
685,0.2471910112359551,0,0.04739336492890995,1.0
686,0.07894736842105265,0,0.125,0.0
687,0.1351351351351351,0,0.07608695652173914,0.0
688,0.08695652173913049,0,0.08928571428571429,0.0
689,0.06818181818181823,0,0.08163265306122448,1.0
690,0.06896551724137934,0,0.10606060606060606,3.0
691,0.12244897959183676,0,0.07758620689655173,0.0
692,0.09999999999999998,0,0.125,0.0
693,0.07407407407407407,0,0.1111111111111111,1.0
694,0.10810810810810811,0,0.08860759493670886,1.0
695,0.11538461538461542,0,0.06837606837606838,0.0
696,0.0,1,0.10869565217391304,0.0
697,0.18181818181818177,1,0.047619047619047616,2.0
698,0.039215686274509776,0,0.11607142857142858,0.0
699,0.18518518518518523,1,0.09917355371900827,0.0
700,0.10169491525423724,0,0.04477611940298507,0.0
701,0.07228915662650603,0,0.1005586592178771,0.0
702,0.11111111111111116,1,0.10483870967741936,0.0
703,0.15909090909090906,1,0.10204081632653061,0.0
704,0.18604651162790697,0,0.08947368421052632,1.0
705,0.0357142857142857,0,0.06722689075630252,1.0
706,0.10144927536231885,0,0.06818181818181818,0.0
707,0.09523809523809523,0,0.08064516129032258,0.0
708,0.16216216216216217,1,0.12195121951219512,0.0
709,0.17647058823529416,1,0.06285714285714286,1.0
710,0.2068965517241379,0,0.08029197080291971,2.0
711,0.18367346938775508,0,0.07758620689655173,0.0
712,0.24137931034482762,1,0.06204379562043796,0.0
713,0.12676056338028174,0,0.08125,1.0
714,0.027027027027026973,0,0.08641975308641975,0.0
715,0.18918918918918914,0,0.12643678160919541,0.0
716,0.08571428571428574,0,0.05747126436781609,0.0
717,0.13207547169811318,0,0.12931034482758622,2.0
718,0.09999999999999998,1,0.07865168539325842,2.0
719,0.1029411764705882,0,0.06790123456790123,2.0
720,0.11428571428571432,0,0.07216494845360824,0.0
721,0.07936507936507942,1,0.06293706293706294,1.0
722,0.06329113924050633,0,0.06111111111111111,2.0
723,0.04347826086956519,0,0.07142857142857142,0.0
724,0.11570247933884292,0,0.09665427509293681,2.0
725,0.1568627450980392,0,0.07377049180327869,0.0
726,0.13043478260869568,0,0.08181818181818182,2.0
727,0.08163265306122447,0,0.08602150537634409,0.0
728,0.1428571428571429,0,0.09868421052631579,0.0
729,0.14851485148514854,0,0.08403361344537816,1.0
730,0.04347826086956519,0,0.1111111111111111,0.0
731,0.2065217391304348,0,0.11734693877551021,0.0
732,0.17525773195876293,0,0.076,1.0
733,0.05128205128205132,0,0.06896551724137931,0.0
734,0.03703703703703709,1,0.078125,0.0
735,0.08510638297872342,0,0.10752688172043011,0.0
736,0.2784810126582279,0,0.0963855421686747,0.0
737,0.18823529411764706,1,0.06735751295336788,1.0
738,0.032258064516129004,0,0.13432835820895522,0.0
739,0.05555555555555558,1,0.19444444444444445,0.0
740,0.0888888888888889,0,0.05128205128205128,0.0
741,0.17808219178082196,0,0.0670391061452514,0.0
742,0.24137931034482762,0,0.0695364238410596,1.0
743,0.13793103448275867,0,0.078125,2.0
744,0.125,0,0.1037037037037037,0.0
745,0.14035087719298245,0,0.08208955223880597,1.0
746,0.05882352941176472,0,0.025,0.0
747,0.1428571428571429,1,0.0748663101604278,1.0
748,0.1470588235294118,1,0.08641975308641975,0.0
749,0.18867924528301883,0,0.08482142857142858,0.0
750,0.04347826086956519,0,0.07766990291262135,2.0
751,0.125,0,0.05555555555555555,0.0
752,0.0625,1,0.1016949152542373,0.0
753,0.2028985507246377,0,0.045454545454545456,0.0
754,0.09333333333333338,0,0.07734806629834254,0.0
755,0.19999999999999996,0,0.0967741935483871,2.0
756,0.0786516853932584,0,0.08333333333333333,0.0
757,0.23333333333333328,1,0.09731543624161074,6.0
758,0.12903225806451613,0,0.12658227848101267,0.0
759,0.08108108108108103,0,0.07692307692307693,1.0
760,0.11111111111111116,0,0.12295081967213115,0.0
761,0.17391304347826086,0,0.12727272727272726,0.0
762,0.03125,1,0.1,0.0
763,0.1515151515151515,0,0.0728476821192053,1.0
764,0.13725490196078427,1,0.07894736842105263,0.0
765,0.17910447761194026,1,0.11428571428571428,0.0
766,0.09523809523809523,0,0.10869565217391304,0.0
767,0.08333333333333337,0,0.09375,1.0
768,0.0,1,0.1951219512195122,0.0
769,0.15517241379310343,0,0.043478260869565216,0.0
770,0.23308270676691734,1,0.05329153605015674,0.0
771,0.2021276595744681,0,0.06030150753768844,0.0
772,0.03448275862068961,0,0.08,0.0
773,0.19999999999999996,0,0.08571428571428572,0.0
774,0.19999999999999996,0,0.01680672268907563,0.0
775,0.11940298507462688,0,0.05844155844155844,0.0
776,0.134020618556701,0,0.11557788944723618,0.0
777,0.050000000000000044,1,0.07317073170731707,0.0
778,0.11627906976744184,0,0.058823529411764705,0.0
779,0.19402985074626866,0,0.06097560975609756,1.0
780,0.20895522388059706,1,0.09210526315789473,0.0
781,0.10416666666666663,0,0.07476635514018691,0.0
782,0.030303030303030276,0,0.08860759493670886,0.0
783,0.2148148148148148,0,0.07051282051282051,0.0
784,0.17910447761194026,0,0.0875,0.0
785,0.1728395061728395,0,0.09444444444444444,0.0
786,0.0357142857142857,0,0.0990990990990991,1.0
787,0.13043478260869568,0,0.12962962962962962,0.0
788,0.20560747663551404,0,0.07172995780590717,0.0
789,0.19999999999999996,1,0.09444444444444444,0.0
790,0.22399999999999998,1,0.05555555555555555,1.0
791,0.1282051282051282,0,0.04819277108433735,0.0
792,0.20588235294117652,1,0.08823529411764706,0.0
793,0.13636363636363635,0,0.06611570247933884,0.0
794,0.24352331606217614,0,0.058333333333333334,0.0
795,0.052631578947368474,0,0.075,2.0
796,0.1578947368421053,0,0.06837606837606838,0.0
797,0.1454545454545455,2,0.08396946564885496,2.0
798,0.16666666666666663,0,0.12396694214876033,1.0
799,0.07547169811320753,1,0.06779661016949153,0.0
800,0.10810810810810811,0,0.08571428571428572,1.0
801,0.24561403508771928,0,0.030201342281879196,0.0
802,0.2697674418604651,0,0.05227655986509275,0.0
803,0.19999999999999996,0,0.045454545454545456,0.0
804,0.18055555555555558,0,0.05649717514124294,1.0
805,0.21604938271604934,0,0.05555555555555555,0.0
806,0.18918918918918914,0,0.07222222222222222,0.0
807,0.13636363636363635,0,0.08849557522123894,0.0
808,0.17431192660550454,0,0.05,2.0
809,0.2744360902255639,0,0.06796116504854369,2.0
810,0.12121212121212122,0,0.08727272727272728,1.0
811,0.07843137254901966,0,0.08088235294117647,1.0
812,0.1578947368421053,0,0.08045977011494253,0.0
813,0.11864406779661019,0,0.06293706293706294,0.0
814,0.19999999999999996,0,0.10526315789473684,0.0
815,0.18000000000000005,0,0.07924528301886792,1.0
816,0.19327731092436973,0,0.08532423208191127,0.0
817,0.15217391304347827,0,0.05963302752293578,0.0
818,0.27118644067796616,0,0.09655172413793103,0.0
819,0.07547169811320753,0,0.043478260869565216,0.0
820,0.1428571428571429,0,0.017543859649122806,0.0
821,0.1910112359550562,0,0.07960199004975124,0.0
822,0.13076923076923075,0,0.06593406593406594,1.0
823,0.12727272727272732,0,0.09230769230769231,1.0
824,0.09722222222222221,0,0.08333333333333333,0.0
825,0.10465116279069764,0,0.08837209302325581,1.0
826,0.24193548387096775,0,0.05245901639344262,2.0
827,0.2846153846153846,0,0.08012820512820513,0.0
828,0.19491525423728817,0,0.08424908424908426,2.0
829,0.10483870967741937,0,0.06093189964157706,0.0
830,0.1527777777777778,0,0.06289308176100629,0.0
831,0.21739130434782605,0,0.05514705882352941,0.0
832,0.23140495867768596,0,0.06227106227106227,0.0
833,0.05970149253731338,0,0.08053691275167785,0.0
834,0.13235294117647056,0,0.06918238993710692,0.0
835,0.13157894736842102,0,0.08021390374331551,1.0
836,0.25609756097560976,0,0.057692307692307696,1.0
837,0.18367346938775508,1,0.05485232067510549,1.0
838,0.16666666666666663,0,0.061224489795918366,0.0
839,0.12403100775193798,0,0.062111801242236024,0.0
840,0.1470588235294118,0,0.1037037037037037,0.0
841,0.06451612903225812,0,0.0736196319018405,0.0
842,0.15887850467289721,0,0.07692307692307693,0.0
843,0.13414634146341464,0,0.0847457627118644,0.0
844,0.2872340425531915,0,0.04,0.0
845,0.21739130434782605,0,0.09285714285714286,1.0
846,0.16000000000000003,0,0.10062893081761007,0.0
847,0.09302325581395354,0,0.030927835051546393,0.0
848,0.18840579710144922,0,0.02865329512893983,0.0
849,0.0888888888888889,0,0.06481481481481481,0.0
850,0.1685393258426966,0,0.07253886010362694,0.0
851,0.1282051282051282,0,0.03409090909090909,0.0
852,0.1071428571428571,0,0.14545454545454545,0.0
853,0.19999999999999996,0,0.045454545454545456,0.0
854,0.2732558139534884,0,0.05251141552511415,0.0
855,0.06666666666666665,0,0.125,0.0
856,0.03947368421052633,0,0.07253886010362694,1.0
857,0.10909090909090913,0,0.04861111111111111,0.0
858,0.16883116883116878,0,0.04461942257217848,1.0
859,0.21568627450980393,0,0.0603448275862069,0.0
860,0.1470588235294118,0,0.04411764705882353,0.0
861,0.0,0,0.030927835051546393,0.0
862,0.09302325581395354,0,0.030927835051546393,0.0
863,0.11111111111111116,0,0.08196721311475409,0.0
864,0.10256410256410253,0,0.08247422680412371,0.0
865,0.15189873417721522,0,0.06358381502890173,0.0
866,0.12,0,0.08403361344537816,0.0
867,0.12871287128712872,0,0.042801556420233464,0.0
868,0.1351351351351351,0,0.0860655737704918,1.0
869,0.1917808219178082,0,0.06521739130434782,1.0
870,0.2142857142857143,0,0.05687203791469194,0.0
871,0.0888888888888889,0,0.04,0.0
872,0.19463087248322153,0,0.06451612903225806,1.0
873,0.040000000000000036,0,0.08411214953271028,1.0
874,0.06818181818181823,0,0.0673076923076923,0.0
875,0.14393939393939392,0,0.03870967741935484,2.0
876,0.06557377049180324,0,0.06569343065693431,0.0
877,0.13953488372093026,0,0.04854368932038835,0.0
878,0.05882352941176472,0,0.10526315789473684,0.0
879,0.17021276595744683,0,0.09174311926605505,0.0
880,0.1558441558441559,0,0.061224489795918366,1.0
881,0.09259259259259256,0,0.04487179487179487,1.0
882,0.27380952380952384,0,0.06666666666666667,0.0
883,0.16666666666666663,0,0.06666666666666667,0.0
884,0.12328767123287676,0,0.02976190476190476,0.0
885,0.09433962264150941,0,0.10144927536231885,0.0
886,0.17525773195876293,0,0.044,1.0
887,0.2314814814814815,0,0.07196969696969698,0.0
888,0.1333333333333333,0,0.1015625,0.0
889,0.1889763779527559,0,0.075,0.0
890,0.19672131147540983,1,0.09386281588447654,0.0
891,0.15068493150684936,0,0.07446808510638298,2.0
892,0.20833333333333337,0,0.03827751196172249,0.0
893,0.125,0,0.08943089430894309,0.0
894,0.0714285714285714,0,0.07518796992481203,0.0
895,0.1384615384615384,0,0.09032258064516129,0.0
896,0.20481927710843373,0,0.06829268292682927,1.0
897,0.08695652173913049,0,0.08108108108108109,0.0
898,0.3608247422680413,0,0.035398230088495575,0.0
899,0.1527777777777778,0,0.05172413793103448,0.0
900,0.1578947368421053,0,0.05813953488372093,1.0
901,0.13461538461538458,0,0.10091743119266056,0.0
902,0.04347826086956519,0,0.08256880733944955,0.0
903,0.09859154929577463,0,0.05917159763313609,0.0
904,0.2592592592592593,0,0.06430868167202572,0.0
905,0.09302325581395354,0,0.05084745762711865,0.0
906,0.17021276595744683,0,0.0891089108910891,0.0
907,0.19999999999999996,0,0.04838709677419355,0.0
908,0.24590163934426235,0,0.03289473684210526,0.0
909,0.273972602739726,0,0.07428571428571429,1.0
910,0.13793103448275867,0,0.06578947368421052,0.0
911,0.04761904761904767,0,0.07017543859649122,0.0
912,0.1470588235294118,0,0.0546875,3.0
913,0.12871287128712872,0,0.07327586206896551,1.0
914,0.30107526881720426,0,0.03862660944206009,0.0
915,0.2016806722689075,0,0.08469055374592833,2.0
916,0.2698412698412699,0,0.06134969325153374,0.0
917,0.36585365853658536,0,0.040948275862068964,0.0
918,0.3680781758957655,0,0.052700922266139656,0.0
919,0.22935779816513757,0,0.03745318352059925,0.0
920,0.15384615384615385,0,0.07333333333333333,0.0
921,0.09090909090909094,0,0.04666666666666667,1.0
922,0.05405405405405406,0,0.09574468085106383,0.0
923,0.16666666666666663,0,0.07425742574257425,0.0
924,0.13157894736842102,0,0.06097560975609756,0.0
925,0.18292682926829273,0,0.03286384976525822,0.0
926,0.19318181818181823,0,0.06735751295336788,0.0
927,0.020408163265306145,0,0.08653846153846154,1.0
928,0.09090909090909094,0,0.07042253521126761,0.0
929,0.1132075471698113,0,0.08333333333333333,0.0
930,0.15625,0,0.08163265306122448,0.0
931,0.10416666666666663,0,0.05357142857142857,0.0
932,0.14438502673796794,0,0.07764705882352942,2.0
933,0.18681318681318682,0,0.05759162303664921,0.0
934,0.13157894736842102,0,0.0891089108910891,0.0
935,0.10204081632653061,0,0.11016949152542373,1.0
936,0.21276595744680848,0,0.065,1.0
937,0.13541666666666663,0,0.04780876494023904,0.0
938,0.2432432432432432,0,0.030303030303030304,0.0
939,0.1694915254237288,0,0.0547945205479452,0.0
940,0.26190476190476186,0,0.025,0.0
941,0.2134831460674157,0,0.0660377358490566,0.0
942,0.28025477707006374,0,0.05191256830601093,0.0
943,0.19999999999999996,0,0.06276150627615062,1.0
944,0.2525252525252525,0,0.0811965811965812,0.0
945,0.09090909090909094,0,0.08,1.0
946,0.08333333333333337,0,0.08888888888888889,0.0
947,0.0357142857142857,0,0.07758620689655173,0.0
948,0.027027027027026973,0,0.06896551724137931,0.0
949,0.11764705882352944,0,0.08536585365853659,1.0
950,0.3381294964028777,0,0.03197674418604651,0.0
951,0.1875,0,0.0759493670886076,2.0
952,0.197452229299363,0,0.06557377049180328,1.0
953,0.06896551724137934,0,0.13043478260869565,0.0
954,0.11627906976744184,0,0.07881773399014778,0.0
955,0.20952380952380956,0,0.08620689655172414,0.0
956,0.18867924528301883,0,0.05734767025089606,1.0
957,0.10256410256410253,0,0.03296703296703297,0.0
958,0.23809523809523814,0,0.0594059405940594,1.0
959,0.2857142857142857,0,0.03873239436619718,0.0
960,0.16666666666666663,0,0.10344827586206896,1.0
961,0.08108108108108103,0,0.0684931506849315,0.0
962,0.1351351351351351,0,0.07058823529411765,0.0
963,0.19469026548672563,0,0.04201680672268908,0.0
964,0.1428571428571429,0,0.0881542699724518,6.0
965,0.0,0,0.07954545454545454,0.0
966,0.37254901960784315,0,0.06896551724137931,0.0
967,0.10909090909090913,0,0.06711409395973154,1.0
968,0.2551020408163265,0,0.08181818181818182,0.0
969,0.037735849056603765,0,0.09448818897637795,1.0
970,0.22513089005235598,0,0.06047516198704104,0.0
971,0.2870967741935484,0,0.050359712230215826,0.0
972,0.12307692307692308,0,0.07142857142857142,1.0
973,0.22058823529411764,0,0.07386363636363637,0.0
974,0.24747474747474751,0,0.09544468546637744,1.0
975,0.18309859154929575,0,0.12138728323699421,0.0
976,0.17721518987341767,0,0.07,0.0
977,0.15384615384615385,0,0.06611570247933884,0.0
978,0.18181818181818177,0,0.0375,0.0
979,0.11111111111111116,0,0.058823529411764705,1.0
980,0.033333333333333326,0,0.0,0.0
981,0.23750000000000004,0,0.05291005291005291,0.0
982,0.17045454545454541,0,0.06701030927835051,0.0
983,0.13861386138613863,0,0.034482758620689655,0.0
984,0.16666666666666663,0,0.041176470588235294,0.0
985,0.16000000000000003,0,0.057057057057057055,0.0
986,0.19444444444444442,0,0.03802281368821293,0.0
987,0.11764705882352944,0,0.03278688524590164,0.0
988,0.2656826568265682,0,0.06602254428341385,1.0
989,0.12631578947368416,0,0.0735930735930736,0.0
990,0.046511627906976716,0,0.06382978723404255,0.0
991,0.09756097560975607,0,0.09852216748768473,3.0
992,0.09333333333333338,0,0.05080213903743316,1.0
993,0.2857142857142857,0,0.05042016806722689,1.0
994,0.24561403508771928,0,0.035842293906810034,0.0
995,0.11801242236024845,0,0.0862533692722372,0.0
996,0.12727272727272732,0,0.13008130081300814,0.0
997,0.19665271966527198,0,0.08450704225352113,1.0
998,0.23670212765957444,0,0.083710407239819,3.0
999,0.1428571428571429,0,0.07936507936507936,0.0
1000,0.07462686567164178,0,0.11278195488721804,0.0
1001,0.08450704225352113,0,0.08875739644970414,1.0
1002,0.14117647058823535,0,0.07042253521126761,0.0
1003,0.19834710743801653,0,0.05016722408026756,0.0
1004,0.28378378378378377,0,0.029585798816568046,0.0
1005,0.09890109890109888,0,0.09523809523809523,0.0
1006,0.12790697674418605,0,0.07614213197969544,0.0
1007,0.11627906976744184,0,0.07692307692307693,0.0
1008,0.06329113924050633,0,0.05714285714285714,0.0
1009,0.2216748768472906,0,0.09935205183585313,1.0
1010,0.23566878980891715,0,0.08661417322834646,1.0
1011,0.1159420289855072,0,0.04678362573099415,0.0
1012,0.17000000000000004,0,0.07456140350877193,1.0
1013,0.13043478260869568,0,0.1032258064516129,0.0
1014,0.11801242236024845,0,0.0862533692722372,0.0
1015,0.16000000000000003,0,0.09137055837563451,0.0
1016,0.08823529411764708,0,0.0392156862745098,0.0
1017,0.07246376811594202,0,0.10738255033557047,0.0
1018,0.11016949152542377,0,0.053763440860215055,0.0
1019,0.20253164556962022,0,0.06432748538011696,1.0
1020,0.18333333333333335,0,0.05200945626477541,0.0
1021,0.19354838709677424,0,0.058333333333333334,0.0
1022,0.1384615384615384,0,0.03888888888888889,0.0
1023,0.21599999999999997,0,0.07920792079207921,0.0
1024,0.07894736842105265,0,0.08076923076923077,0.0
1025,0.21333333333333337,0,0.07088122605363985,1.0
1026,0.19166666666666665,0,0.05405405405405406,1.0
1027,0.265625,0,0.03546099290780142,0.0
1028,0.23333333333333328,0,0.08852005532503458,0.0
1029,0.07843137254901966,0,0.09375,0.0
1030,0.15384615384615385,0,0.09836065573770492,1.0
1031,0.1586206896551724,0,0.06865671641791045,1.0
1032,0.09375,0,0.06944444444444445,1.0
1033,0.11428571428571432,0,0.08974358974358974,0.0
1034,0.030303030303030276,0,0.04054054054054054,0.0
1035,0.07692307692307687,0,0.0661764705882353,2.0
1036,0.0757575757575758,0,0.09243697478991597,0.0
1037,0.21666666666666667,0,0.0821917808219178,0.0
1038,0.11111111111111116,0,0.09248554913294797,0.0
1039,0.272189349112426,0,0.05515587529976019,0.0
1040,0.12621359223300976,0,0.10245901639344263,0.0
1041,0.27472527472527475,0,0.0472972972972973,3.0
1042,0.15827338129496404,0,0.06571428571428571,0.0
1043,0.2098765432098766,0,0.0297029702970297,0.0
1044,0.24742268041237114,0,0.07758620689655173,1.0
1045,0.0757575757575758,0,0.08527131782945736,0.0
1046,0.23529411764705888,0,0.09722222222222222,0.0
1047,0.10465116279069764,0,0.0851063829787234,0.0
1048,0.1166666666666667,0,0.08917197452229299,0.0
1049,0.27464788732394363,0,0.022435897435897436,2.0
1050,0.14473684210526316,0,0.08152173913043478,0.0
1051,0.1954022988505747,0,0.06965174129353234,0.0
1052,0.1029411764705882,0,0.04487179487179487,0.0
1053,0.1578947368421053,0,0.0392156862745098,0.0
1054,0.16666666666666663,0,0.06374501992031872,0.0
1055,0.1428571428571429,0,0.05947955390334572,0.0
1056,0.052631578947368474,1,0.1,0.0
1057,0.13793103448275867,0,0.060810810810810814,0.0
1058,0.16129032258064513,0,0.050314465408805034,0.0
1059,0.15909090909090906,0,0.04245283018867924,0.0
1060,0.2098765432098766,0,0.06741573033707865,1.0
1061,0.08791208791208793,0,0.07407407407407407,0.0
1062,0.23636363636363633,0,0.02857142857142857,0.0
1063,0.19480519480519476,0,0.06705539358600583,0.0
1064,0.13235294117647056,0,0.06040268456375839,0.0
1065,0.11299435028248583,0,0.06511627906976744,0.0
1066,0.15306122448979587,0,0.07468879668049792,0.0
1067,0.19587628865979378,0,0.04878048780487805,0.0
1068,0.0,0,0.05,0.0
1069,0.3384615384615385,0,0.026578073089700997,0.0
1070,0.16666666666666663,0,0.07228915662650602,0.0
1071,0.09523809523809523,0,0.01904761904761905,0.0
1072,0.12903225806451613,0,0.06557377049180328,1.0
1073,0.08910891089108908,0,0.07964601769911504,1.0
1074,0.13235294117647056,0,0.062111801242236024,0.0
1075,0.05405405405405406,0,0.14285714285714285,0.0
1076,0.05555555555555558,0,0.12598425196850394,0.0
1077,0.0,0,0.1276595744680851,0.0
1078,0.045454545454545414,0,0.04672897196261682,1.0
1079,0.09090909090909094,0,0.11842105263157894,0.0
1080,0.19117647058823528,0,0.04827586206896552,0.0
1081,0.0714285714285714,0,0.06451612903225806,0.0
1082,0.22058823529411764,0,0.07092198581560284,1.0
1083,0.22666666666666668,0,0.027777777777777776,0.0
1084,0.13095238095238093,0,0.0821256038647343,1.0
1085,0.12903225806451613,0,0.040268456375838924,0.0
1086,0.297979797979798,0,0.08114035087719298,0.0
1087,0.125,0,0.0670391061452514,0.0
1088,0.19736842105263153,0,0.040229885057471264,1.0
1089,0.10752688172043012,0,0.09550561797752809,0.0
1090,0.18181818181818177,0,0.04065040650406504,0.0
1091,0.3045977011494253,0,0.029023746701846966,0.0
1092,0.3496932515337423,0,0.0390625,0.0
1093,0.12244897959183676,0,0.04918032786885246,0.0
1094,0.05405405405405406,0,0.14666666666666667,1.0
1095,0.23376623376623373,0,0.07692307692307693,0.0
1096,0.1611111111111111,0,0.07407407407407407,0.0
1097,0.1428571428571429,0,0.05309734513274336,0.0
1098,0.1643835616438356,0,0.11518324607329843,0.0
1099,0.09756097560975607,0,0.08808290155440414,1.0
1100,0.2533333333333333,0,0.06857142857142857,0.0
1101,0.21875,0,0.06666666666666667,0.0
1102,0.04166666666666663,0,0.10909090909090909,0.0
1103,0.1063829787234043,0,0.027522935779816515,0.0
1104,0.125,0,0.0635593220338983,0.0
1105,0.2206896551724138,1,0.06158357771260997,1.0
1106,0.14814814814814814,0,0.10152284263959391,0.0
1107,0.3214285714285714,0,0.06403940886699508,0.0
1108,0.12658227848101267,0,0.06091370558375635,0.0
1109,0.12903225806451613,0,0.040268456375838924,0.0
1110,0.1282051282051282,0,0.08791208791208792,0.0
1111,0.11111111111111116,0,0.07,0.0
1112,0.15517241379310343,0,0.04964539007092199,0.0
1113,0.17021276595744683,0,0.10909090909090909,0.0
1114,0.23404255319148937,0,0.07079646017699115,0.0
1115,0.08333333333333337,0,0.09210526315789473,0.0
1116,0.2727272727272727,0,0.05,0.0
1117,0.1166666666666667,0,0.05426356589147287,0.0
1118,0.03448275862068961,0,0.11688311688311688,0.0
1119,0.14473684210526316,0,0.06951871657754011,0.0
1120,0.12244897959183676,0,0.06542056074766354,0.0
1121,0.19999999999999996,0,0.1267605633802817,0.0
1122,0.09756097560975607,0,0.07,0.0
1123,0.14634146341463417,0,0.075,0.0
1124,0.15053763440860213,1,0.08823529411764706,1.0
1125,0.13749999999999996,0,0.05853658536585366,0.0
1126,0.1071428571428571,0,0.05970149253731343,0.0
1127,0.24757281553398058,0,0.06333973128598848,3.0
1128,0.11111111111111116,0,0.08823529411764706,0.0
1129,0.10526315789473684,0,0.08391608391608392,0.0
1130,0.13,0,0.08771929824561403,0.0
1131,0.2093023255813954,0,0.06091370558375635,0.0
1132,0.2142857142857143,0,0.03636363636363636,0.0
1133,0.14084507042253525,0,0.06358381502890173,0.0
1134,0.03076923076923077,0,0.08280254777070063,0.0
1135,0.2663043478260869,0,0.09905660377358491,0.0
1136,0.15517241379310343,0,0.04964539007092199,0.0
1137,0.10606060606060608,0,0.08620689655172414,0.0
1138,0.21969696969696972,0,0.0462046204620462,1.0
1139,0.1842105263157895,0,0.08695652173913043,0.0
1140,0.2222222222222222,0,0.023255813953488372,0.0
1141,0.1709401709401709,0,0.05166051660516605,0.0
1142,0.15384615384615385,0,0.06091370558375635,0.0
1143,0.21705426356589153,0,0.056962025316455694,1.0
1144,0.23232323232323238,0,0.03125,1.0
1145,0.125,0,0.04854368932038835,0.0
1146,0.15267175572519087,0,0.08132530120481928,1.0
1147,0.11818181818181817,0,0.05555555555555555,0.0
1148,0.21052631578947367,0,0.05985915492957746,0.0
1149,0.23880597014925375,0,0.09259259259259259,0.0
1150,0.136986301369863,0,0.06547619047619048,0.0
1151,0.17045454545454541,0,0.0787037037037037,0.0
1152,0.22916666666666663,0,0.0797872340425532,0.0
1153,0.0,0,0.11403508771929824,0.0
1154,0.2376237623762376,0,0.06584362139917696,0.0
1155,0.15254237288135597,0,0.03896103896103896,1.0
1156,0.08974358974358976,0,0.05741626794258373,0.0
1157,0.14893617021276595,0,0.10576923076923077,0.0
1158,0.1029411764705882,0,0.09523809523809523,0.0
1159,0.15315315315315314,0,0.05693950177935943,0.0
1160,0.024390243902439046,0,0.041237113402061855,0.0
1161,0.06000000000000005,0,0.10655737704918032,0.0
1162,0.13043478260869568,0,0.0759493670886076,0.0
1163,0.17441860465116277,0,0.03111111111111111,0.0
1164,0.1470588235294118,0,0.045454545454545456,0.0
1165,0.30208333333333337,0,0.09734513274336283,1.0
1166,0.17948717948717952,0,0.04838709677419355,0.0
1167,0.09174311926605505,0,0.0778688524590164,0.0
1168,0.18556701030927836,0,0.0502283105022831,0.0
1169,0.040000000000000036,0,0.0847457627118644,0.0
1170,0.08108108108108103,0,0.07291666666666667,1.0
1171,0.13157894736842102,0,0.07865168539325842,1.0
1172,0.078125,0,0.07142857142857142,0.0
1173,0.16279069767441856,0,0.06382978723404255,0.0
1174,0.16455696202531644,0,0.056074766355140186,0.0
1175,0.1428571428571429,0,0.072,0.0
1176,0.14166666666666672,0,0.06578947368421052,1.0
1177,0.18000000000000005,0,0.07086614173228346,0.0
1178,0.05084745762711862,0,0.10810810810810811,0.0
1179,0.1063829787234043,0,0.06201550387596899,0.0
1180,0.1428571428571429,0,0.06382978723404255,0.0
1181,0.18181818181818177,0,0.05434782608695652,1.0
1182,0.1875,0,0.061224489795918366,0.0
1183,0.3783783783783784,0,0.06995884773662552,0.0
1184,0.1384615384615384,0,0.075,0.0
1185,0.19685039370078738,0,0.09154929577464789,2.0
1186,0.17142857142857137,0,0.09433962264150944,2.0
1187,0.31999999999999995,0,0.03764705882352941,1.0
1188,0.12698412698412698,0,0.08641975308641975,1.0
1189,0.22115384615384615,0,0.08045977011494253,1.0
1190,0.0,0,0.10227272727272728,1.0
1191,0.27083333333333337,0,0.0423728813559322,1.0
1192,0.11023622047244097,0,0.08571428571428572,0.0
1193,0.1923076923076923,0,0.06403940886699508,0.0
1194,0.18478260869565222,0,0.06965174129353234,0.0
1195,0.23456790123456794,1,0.024390243902439025,0.0
1196,0.0625,0,0.13131313131313133,0.0
1197,0.2215189873417721,0,0.05962059620596206,0.0
1198,0.14678899082568808,0,0.10023310023310024,1.0
1199,0.09999999999999998,0,0.06060606060606061,0.0
1200,0.11538461538461542,0,0.07894736842105263,0.0
1201,0.12244897959183676,0,0.05511811023622047,1.0
1202,0.21764705882352942,0,0.05714285714285714,0.0
1203,0.1428571428571429,0,0.041666666666666664,1.0
1204,0.28125,0,0.07741935483870968,0.0
1205,0.032786885245901676,0,0.06289308176100629,0.0
1206,0.14074074074074072,1,0.08389261744966443,0.0
1207,0.18181818181818177,0,0.05511811023622047,0.0
1208,0.30319148936170215,0,0.04849884526558892,0.0
1209,0.09433962264150941,0,0.0661764705882353,0.0
1210,0.07594936708860756,0,0.052083333333333336,1.0
1211,0.125,0,0.0975609756097561,0.0
1212,0.08695652173913049,0,0.03389830508474576,0.0
1213,0.1454545454545455,0,0.04417670682730924,1.0
1214,0.0714285714285714,0,0.06451612903225806,0.0
1215,0.08974358974358976,0,0.05952380952380952,1.0
1216,0.19090909090909092,0,0.06810035842293907,0.0
1217,0.07407407407407407,0,0.08333333333333333,0.0
1218,0.09302325581395354,0,0.08256880733944955,0.0
1219,0.24675324675324672,0,0.058823529411764705,1.0
1220,0.03125,0,0.06569343065693431,1.0
1221,0.18253968253968256,0,0.04713804713804714,0.0
1222,0.20588235294117652,0,0.056179775280898875,0.0
1223,0.16000000000000003,0,0.06321839080459771,0.0
1224,0.16326530612244894,0,0.05333333333333334,0.0
1225,0.2748815165876777,0,0.03536345776031434,1.0
1226,0.18279569892473113,0,0.0397196261682243,1.0
1227,0.11764705882352944,0,0.0390625,2.0
1228,0.18000000000000005,0,0.07377049180327869,0.0
1229,0.11627906976744184,0,0.06153846153846154,1.0
1230,0.1333333333333333,0,0.05319148936170213,0.0
1231,0.16279069767441856,0,0.08571428571428572,0.0
1232,0.16129032258064513,0,0.07142857142857142,0.0
1233,0.2222222222222222,0,0.042821158690176324,0.0
1234,0.15555555555555556,0,0.06550218340611354,2.0
1235,0.15189873417721522,0,0.08205128205128205,2.0
1236,0.19354838709677424,0,0.06779661016949153,0.0
1237,0.1637931034482759,0,0.03424657534246575,0.0
1238,0.23287671232876717,0,0.039886039886039885,0.0
1239,0.10227272727272729,1,0.07339449541284404,0.0
1240,0.1964285714285714,0,0.08208955223880597,0.0
1241,0.15909090909090906,0,0.05,1.0
1242,0.048387096774193505,0,0.0958904109589041,0.0
1243,0.2142857142857143,0,0.06321839080459771,0.0
1244,0.07692307692307687,0,0.06766917293233082,0.0
1245,0.1785714285714286,0,0.0440251572327044,0.0
1246,0.23456790123456794,0,0.04918032786885246,2.0
1247,0.23170731707317072,0,0.0660377358490566,0.0
1248,0.11111111111111116,0,0.019417475728155338,0.0
1249,0.07547169811320753,0,0.025,1.0
1250,0.23684210526315785,0,0.09016393442622951,0.0
1251,0.17647058823529416,0,0.05063291139240506,1.0
1252,0.1917808219178082,0,0.05365853658536585,0.0
1253,0.24528301886792447,0,0.042105263157894736,0.0
1254,0.1986301369863014,0,0.056022408963585436,0.0
1255,0.15384615384615385,0,0.02512562814070352,1.0
1256,0.11111111111111116,0,0.08196721311475409,0.0
1257,0.136986301369863,0,0.09770114942528736,0.0
1258,0.030303030303030276,0,0.10204081632653061,1.0
1259,0.13043478260869568,0,0.07216494845360824,0.0
1260,0.234375,0,0.06885245901639345,0.0
1261,0.08823529411764708,0,0.07453416149068323,0.0
1262,0.05970149253731338,0,0.05325443786982249,0.0
1263,0.21999999999999997,0,0.054901960784313725,0.0
1264,0.16504854368932043,0,0.06334841628959276,1.0
1265,0.14814814814814814,0,0.04838709677419355,0.0
1266,0.15217391304347827,0,0.06626506024096386,0.0
1267,0.2727272727272727,0,0.12,0.0
1268,0.1724137931034483,0,0.07653061224489796,0.0
1269,0.09999999999999998,0,0.09289617486338798,0.0
1270,0.04705882352941182,0,0.07142857142857142,0.0
1271,0.10909090909090913,0,0.04964539007092199,1.0
1272,0.32121212121212117,0,0.05167958656330749,0.0
1273,0.22666666666666668,0,0.046632124352331605,0.0
1274,0.019607843137254943,0,0.06666666666666667,0.0
1275,0.018867924528301883,0,0.05517241379310345,0.0
1276,0.125,0,0.053231939163498096,1.0
1277,0.0625,0,0.0736196319018405,0.0
1278,0.1428571428571429,0,0.07407407407407407,1.0
1279,0.16822429906542058,0,0.046511627906976744,1.0
1280,0.16666666666666663,0,0.04929577464788732,1.0
1281,0.09375,0,0.1232876712328767,1.0
1282,0.1875,0,0.09554140127388536,1.0
1283,0.22580645161290325,0,0.1262135922330097,0.0
1284,0.022222222222222254,0,0.05319148936170213,0.0
1285,0.14492753623188404,0,0.030864197530864196,0.0
1286,0.1392405063291139,1,0.05759162303664921,0.0
1287,0.02631578947368418,0,0.07079646017699115,0.0
1288,0.2761904761904762,0,0.05928853754940711,0.0
1289,0.10084033613445376,0,0.03678929765886288,0.0
1290,0.18644067796610164,0,0.03666666666666667,0.0
1291,0.09999999999999998,0,0.032520325203252036,0.0
1292,0.11111111111111116,0,0.07865168539325842,0.0
1293,0.19298245614035092,0,0.08646616541353383,1.0
1294,0.07017543859649122,0,0.07857142857142857,0.0
1295,0.18584070796460173,0,0.04417670682730924,1.0
1296,0.06060606060606055,0,0.07042253521126761,0.0
1297,0.2795031055900621,0,0.033734939759036145,0.0
1298,0.17391304347826086,0,0.12,0.0
1299,0.07499999999999996,0,0.08235294117647059,0.0
1300,0.17647058823529416,0,0.014814814814814815,0.0
1301,0.0444444444444444,0,0.061855670103092786,1.0
1302,0.2016129032258065,0,0.059800664451827246,0.0
1303,0.24761904761904763,0,0.0371900826446281,0.0
1304,0.11557788944723613,0,0.09533898305084745,2.0
1305,0.191358024691358,0,0.061855670103092786,0.0
1306,0.02777777777777779,0,0.08080808080808081,0.0
1307,0.14876033057851235,0,0.05357142857142857,0.0
1308,0.13761467889908252,0,0.060498220640569395,0.0
1309,0.17261904761904767,0,0.05092592592592592,1.0
1310,0.0714285714285714,0,0.07389162561576355,0.0
1311,0.16190476190476188,0,0.06956521739130435,0.0
1312,0.05970149253731338,0,0.05521472392638037,0.0
1313,0.3132530120481928,0,0.06188118811881188,1.0
1314,0.07843137254901966,0,0.056451612903225805,0.0
1315,0.08695652173913049,0,0.056074766355140186,1.0
1316,0.20731707317073167,0,0.06382978723404255,0.0
1317,0.13953488372093026,0,0.054455445544554455,0.0
1318,0.1568627450980392,0,0.07692307692307693,1.0
1319,0.21052631578947367,0,0.041237113402061855,2.0
1320,0.3369565217391305,0,0.03669724770642202,3.0
1321,0.07070707070707072,0,0.07661290322580645,1.0
1322,0.2222222222222222,0,0.10215053763440861,0.0
1323,0.20833333333333337,0,0.08196721311475409,0.0
1324,0.1282051282051282,0,0.07653061224489796,0.0
1325,0.12941176470588234,0,0.07981220657276995,1.0
1326,0.1235955056179775,0,0.04591836734693878,0.0
1327,0.07692307692307687,0,0.07228915662650602,1.0
1328,0.20238095238095233,0,0.04975124378109453,0.0
1329,0.23076923076923073,0,0.10497237569060773,0.0
1330,0.15384615384615385,0,0.0847457627118644,0.0
1331,0.23529411764705888,0,0.10344827586206896,0.0
1332,0.1568627450980392,0,0.05241935483870968,3.0
1333,0.1333333333333333,0,0.06278026905829596,0.0
1334,0.09876543209876543,0,0.05612244897959184,1.0
1335,0.2168674698795181,0,0.0872093023255814,0.0
1336,0.12121212121212122,0,0.055,3.0
1337,0.15189873417721522,0,0.043689320388349516,0.0
1338,0.14102564102564108,0,0.06914893617021277,2.0
1339,0.11428571428571432,0,0.056179775280898875,0.0
1340,0.12962962962962965,0,0.04897959183673469,0.0
1341,0.2773109243697479,0,0.04905660377358491,0.0
1342,0.17985611510791366,0,0.052980132450331126,1.0
1343,0.08791208791208793,0,0.05291005291005291,0.0
1344,0.2993630573248408,0,0.06628242074927954,2.0
1345,0.14117647058823535,0,0.08791208791208792,0.0
1346,0.20454545454545459,0,0.09183673469387756,0.0
1347,0.15189873417721522,0,0.12429378531073447,0.0
1348,0.125,0,0.0759493670886076,1.0
1349,0.15503875968992253,0,0.10283687943262411,0.0
1350,0.10843373493975905,0,0.0319634703196347,0.0
1351,0.26315789473684215,0,0.0582010582010582,0.0
1352,0.11864406779661019,0,0.07092198581560284,0.0
1353,0.1216216216216216,0,0.05357142857142857,0.0
1354,0.20408163265306123,0,0.11926605504587157,0.0
1355,0.2018348623853211,0,0.06111111111111111,0.0
1356,0.2622950819672131,0,0.0779816513761468,0.0
1357,0.23333333333333328,0,0.05909090909090909,1.0
1358,0.2222222222222222,0,0.055865921787709494,0.0
1359,0.06896551724137934,0,0.08823529411764706,1.0
1360,0.1470588235294118,0,0.12121212121212122,0.0
1361,0.23076923076923073,0,0.054878048780487805,1.0
1362,0.15068493150684936,0,0.03783783783783784,0.0
1363,0.264,0,0.045774647887323945,0.0
1364,0.2222222222222222,0,0.058823529411764705,0.0
1365,0.1228070175438597,0,0.07194244604316546,0.0
1366,0.06896551724137934,0,0.03333333333333333,0.0
1367,0.1402439024390244,0,0.05898876404494382,1.0
1368,0.0,0,0.06493506493506493,0.0
1369,0.16190476190476188,0,0.0703125,2.0
1370,0.13978494623655913,0,0.0582010582010582,0.0
1371,0.20625000000000004,0,0.0546875,0.0
1372,0.11538461538461542,0,0.16071428571428573,0.0
1373,0.15476190476190477,0,0.029411764705882353,0.0
1374,0.18965517241379315,0,0.0821917808219178,1.0
1375,0.0847457627118644,0,0.072,0.0
1376,0.1901408450704225,0,0.05993690851735016,0.0
1377,0.02941176470588236,0,0.06818181818181818,0.0
1378,0.13888888888888884,0,0.061452513966480445,1.0
1379,0.22314049586776863,0,0.05190311418685121,0.0
1380,0.18181818181818177,0,0.1,0.0
1381,0.09677419354838712,0,0.03614457831325301,0.0
1382,0.11904761904761907,0,0.07142857142857142,0.0
1383,0.10869565217391308,0,0.09090909090909091,0.0
1384,0.13793103448275867,0,0.1,0.0
1385,0.2857142857142857,0,0.04953560371517028,0.0
1386,0.08620689655172409,0,0.07377049180327869,0.0
1387,0.2232142857142857,0,0.061224489795918366,2.0
1388,0.11363636363636365,0,0.061855670103092786,0.0
1389,0.18439716312056742,0,0.08841463414634146,2.0
1390,0.125,0,0.050314465408805034,1.0
1391,0.09090909090909094,0,0.04918032786885246,0.0
1392,0.19658119658119655,0,0.09795918367346938,0.0
1393,0.18181818181818177,0,0.06188925081433225,0.0
1394,0.1610169491525424,0,0.039711191335740074,0.0
1395,0.1477272727272727,1,0.07655502392344497,1.0
1396,0.20666666666666667,0,0.05804749340369393,0.0
1397,0.032258064516129004,0,0.06097560975609756,0.0
1398,0.19811320754716977,0,0.056451612903225805,0.0
1399,0.11111111111111116,0,0.07258064516129033,0.0
1400,0.08108108108108103,0,0.06896551724137931,0.0
1401,0.21875,0,0.09090909090909091,2.0
1402,0.17910447761194026,0,0.07352941176470588,0.0
1403,0.10526315789473684,0,0.09473684210526316,0.0
1404,0.1785714285714286,0,0.08900523560209424,0.0
1405,0.022727272727272707,0,0.05309734513274336,0.0
1406,0.3154121863799283,0,0.05188679245283019,0.0
1407,0.20454545454545459,0,0.1,0.0
1408,0.1839080459770115,0,0.03431372549019608,0.0
1409,0.037735849056603765,0,0.05309734513274336,1.0
1410,0.2962962962962963,0,0.08764940239043825,0.0
1411,0.12068965517241381,0,0.03597122302158273,0.0
1412,0.2195121951219512,0,0.13793103448275862,0.0
1413,0.1842105263157895,0,0.078125,0.0
1414,0.15384615384615385,0,0.09090909090909091,0.0
1415,0.1711711711711712,0,0.0683453237410072,0.0
1416,0.19148936170212771,1,0.0660377358490566,2.0
1417,0.05882352941176472,0,0.08641975308641975,1.0
1418,0.140625,0,0.08992805755395683,1.0
1419,0.032258064516129004,1,0.088,0.0
1420,0.19047619047619047,0,0.06060606060606061,0.0
1421,0.04761904761904767,0,0.0425531914893617,0.0
1422,0.07999999999999996,0,0.04945054945054945,0.0
1423,0.2142857142857143,0,0.07992565055762081,0.0
1424,0.0461538461538461,0,0.08759124087591241,0.0
1425,0.14893617021276595,0,0.05504587155963303,0.0
1426,0.02777777777777779,0,0.09574468085106383,0.0
1427,0.13265306122448983,0,0.0653061224489796,0.0
1428,0.13793103448275867,0,0.08376963350785341,0.0
1429,0.04255319148936165,0,0.0603448275862069,0.0
1430,0.18823529411764706,0,0.050119331742243436,0.0
1431,0.0,0,0.06779661016949153,0.0
1432,0.09999999999999998,0,0.0375,1.0
1433,0.12903225806451613,0,0.02666666666666667,0.0
1434,0.23015873015873012,0,0.08896797153024912,0.0
1435,0.11627906976744184,0,0.11403508771929824,0.0
1436,0.2195121951219512,0,0.04878048780487805,0.0
1437,0.10344827586206895,0,0.06338028169014084,1.0
1438,0.0888888888888889,0,0.04950495049504951,0.0
1439,0.16326530612244894,0,0.04533333333333334,0.0
1440,0.23484848484848486,0,0.11074918566775244,1.0
1441,0.14117647058823535,0,0.04807692307692308,0.0
1442,0.17431192660550454,0,0.07279693486590039,0.0
1443,0.1923076923076923,0,0.039647577092511016,0.0
1444,0.1333333333333333,0,0.07142857142857142,0.0
1445,0.1470588235294118,0,0.07407407407407407,0.0
1446,0.18309859154929575,0,0.07096774193548387,0.0
1447,0.1649484536082474,0,0.06299212598425197,0.0
1448,0.08695652173913049,0,0.05454545454545454,0.0
1449,0.14516129032258063,0,0.04,0.0
1450,0.19999999999999996,0,0.06077348066298342,0.0
1451,0.10126582278481011,0,0.07368421052631578,1.0
1452,0.14583333333333337,0,0.07627118644067797,0.0
1453,0.2731958762886598,0,0.06652360515021459,0.0
1454,0.18518518518518523,0,0.04975124378109453,1.0
1455,0.13265306122448983,0,0.055793991416309016,0.0
1456,0.06451612903225812,0,0.075,0.0
1457,0.171875,0,0.053691275167785234,0.0
1458,0.125,0,0.050724637681159424,0.0
1459,0.23232323232323238,0,0.05194805194805195,1.0
1460,0.16901408450704225,0,0.05202312138728324,0.0
1461,0.20143884892086328,0,0.12030075187969924,2.0
1462,0.14084507042253525,0,0.04678362573099415,1.0
1463,0.10909090909090913,0,0.05263157894736842,0.0
1464,0.10126582278481011,0,0.11764705882352941,0.0
1465,0.19047619047619047,0,0.0738255033557047,0.0
1466,0.12195121951219512,0,0.06060606060606061,0.0
1467,0.1785714285714286,0,0.06153846153846154,0.0
1468,0.20952380952380956,0,0.0642570281124498,0.0
1469,0.125,0,0.07344632768361582,1.0
1470,0.04878048780487809,0,0.0761904761904762,1.0
1471,0.14583333333333337,0,0.07272727272727272,3.0
1472,0.17600000000000005,0,0.10196078431372549,1.0
1473,0.28918918918918923,0,0.057511737089201875,0.0
1474,0.17582417582417587,0,0.0391304347826087,0.0
1475,0.15306122448979587,1,0.058091286307053944,2.0
1476,0.09433962264150941,0,0.06060606060606061,0.0
1477,0.11475409836065575,0,0.075,0.0
1478,0.19685039370078738,0,0.07612456747404844,0.0
1479,0.06818181818181823,0,0.07692307692307693,0.0
1480,0.09615384615384615,0,0.0743801652892562,0.0
1481,0.09999999999999998,0,0.10614525139664804,1.0
1482,0.16249999999999998,0,0.11515151515151516,1.0
1483,0.1578947368421053,0,0.05,0.0
1484,0.1063829787234043,0,0.09090909090909091,0.0
1485,0.08333333333333337,0,0.07627118644067797,0.0
1486,0.12765957446808507,0,0.0273972602739726,0.0
1487,0.11627906976744184,0,0.07446808510638298,0.0
1488,0.15833333333333333,0,0.08275862068965517,0.0
1489,0.15384615384615385,0,0.05214723926380368,0.0
1490,0.21621621621621623,0,0.05027932960893855,0.0
1491,0.05882352941176472,0,0.08108108108108109,0.0
1492,0.032258064516129004,0,0.06593406593406594,0.0
1493,0.0,0,0.06172839506172839,1.0
1494,0.19148936170212771,0,0.06944444444444445,0.0
1495,0.078125,0,0.06206896551724138,0.0
1496,0.10909090909090913,0,0.0410958904109589,0.0
1497,0.07499999999999996,0,0.12941176470588237,0.0
1498,0.13953488372093026,0,0.06326034063260341,1.0
1499,0.21333333333333337,0,0.06486486486486487,0.0
1500,0.1578947368421053,0,0.06896551724137931,0.0
1501,0.11864406779661019,0,0.08148148148148149,0.0
1502,0.10606060606060608,0,0.08609271523178808,0.0
1503,0.1071428571428571,0,0.09027777777777778,0.0
1504,0.09859154929577463,0,0.07317073170731707,0.0
1505,0.15217391304347827,0,0.06880733944954129,1.0
1506,0.2977099236641222,0,0.04205607476635514,0.0
1507,0.1428571428571429,0,0.05102040816326531,0.0
1508,0.0,0,0.09523809523809523,0.0
1509,0.09999999999999998,0,0.08264462809917356,0.0
1510,0.07894736842105265,0,0.07228915662650602,0.0
1511,0.11188811188811187,0,0.07692307692307693,0.0
1512,0.07894736842105265,0,0.0641025641025641,0.0
1513,0.18181818181818177,0,0.06875,0.0
1514,0.10416666666666663,0,0.10526315789473684,0.0
1515,0.24786324786324787,0,0.03333333333333333,0.0
1516,0.040000000000000036,0,0.05511811023622047,0.0
1517,0.15841584158415845,0,0.08333333333333333,0.0
1518,0.1842105263157895,0,0.0641025641025641,0.0
1519,0.13978494623655913,0,0.1044776119402985,0.0
1520,0.08333333333333337,0,0.06557377049180328,0.0
1521,0.16666666666666663,1,0.0811965811965812,1.0
1522,0.14084507042253525,0,0.07602339181286549,0.0
1523,0.15384615384615385,0,0.04932735426008968,0.0
1524,0.16666666666666663,1,0.045,0.0
1525,0.13793103448275867,0,0.0821917808219178,0.0
1526,0.10204081632653061,0,0.08108108108108109,0.0
1527,0.1333333333333333,0,0.06224066390041494,0.0
1528,0.11688311688311692,0,0.0663265306122449,1.0
1529,0.1123595505617978,0,0.06306306306306306,1.0
1530,0.08759124087591241,0,0.06441717791411043,1.0
1531,0.14516129032258063,0,0.08208955223880597,1.0
1532,0.07547169811320753,0,0.08661417322834646,0.0
1533,0.0535714285714286,0,0.049586776859504134,0.0
1534,0.2100840336134454,0,0.053003533568904596,1.0
1535,0.1456310679611651,0,0.08256880733944955,0.0
1536,0.07462686567164178,0,0.04242424242424243,1.0
1537,0.09302325581395354,0,0.056074766355140186,0.0
1538,0.13793103448275867,0,0.06040268456375839,0.0
1539,0.12195121951219512,0,0.102803738317757,0.0
1540,0.29374999999999996,0,0.04156479217603912,0.0
1541,0.08571428571428574,0,0.08300395256916997,2.0
1542,0.14814814814814814,0,0.058823529411764705,0.0
1543,0.14814814814814814,0,0.061946902654867256,0.0
1544,0.2148760330578512,0,0.06418918918918919,0.0
1545,0.08080808080808077,0,0.04230769230769231,0.0
1546,0.22666666666666668,0,0.040229885057471264,0.0
1547,0.10204081632653061,0,0.05907172995780591,0.0
1548,0.1807228915662651,0,0.043689320388349516,0.0
1549,0.14583333333333337,0,0.05859375,0.0
1550,0.18840579710144922,0,0.06382978723404255,0.0
1551,0.12,0,0.078125,0.0
1552,0.29508196721311475,0,0.08038585209003216,0.0
1553,0.021276595744680882,0,0.12745098039215685,1.0
1554,0.1585365853658537,0,0.08602150537634409,0.0
1555,0.26,0,0.09774436090225563,0.0
1556,0.21666666666666667,0,0.09737827715355805,1.0
1557,0.12,0,0.058823529411764705,1.0
1558,0.15384615384615385,0,0.125,0.0
1559,0.1333333333333333,0,0.11428571428571428,0.0
1560,0.1333333333333333,0,0.06542056074766354,0.0
1561,0.19811320754716977,0,0.07203389830508475,0.0
1562,0.19999999999999996,0,0.06896551724137931,1.0
1563,0.1724137931034483,0,0.05660377358490566,0.0
1564,0.06896551724137934,0,0.0625,0.0
1565,0.12621359223300976,0,0.047058823529411764,0.0
1566,0.18367346938775508,0,0.059322033898305086,0.0
1567,0.030303030303030276,0,0.11627906976744186,1.0
1568,0.21739130434782605,0,0.09615384615384616,1.0
1569,0.19191919191919193,0,0.059907834101382486,0.0
1570,0.1724137931034483,0,0.06130268199233716,1.0
1571,0.2429906542056075,0,0.04460966542750929,0.0
1572,0.07999999999999996,0,0.0967741935483871,0.0
1573,0.3036649214659686,0,0.04525862068965517,1.0
1574,0.08823529411764708,0,0.06547619047619048,0.0
1575,0.15053763440860213,0,0.055299539170506916,1.0
1576,0.11864406779661019,0,0.08888888888888889,1.0
1577,0.11290322580645162,0,0.03355704697986577,0.0
1578,0.07692307692307687,0,0.11363636363636363,0.0
1579,0.03448275862068961,0,0.075,0.0
1580,0.09999999999999998,0,0.06607929515418502,0.0
1581,0.08695652173913049,0,0.034013605442176874,1.0
1582,0.05769230769230771,0,0.07317073170731707,0.0
1583,0.16000000000000003,0,0.05278592375366569,1.0
1584,0.027027027027026973,1,0.09195402298850575,0.0
1585,0.15697674418604646,0,0.052884615384615384,1.0
1586,0.25853658536585367,0,0.039014373716632446,0.0
1587,0.17518248175182483,0,0.076158940397351,0.0
1588,0.25,0,0.07386363636363637,1.0
1589,0.17307692307692313,0,0.05063291139240506,1.0
1590,0.06666666666666665,0,0.07692307692307693,1.0
1591,0.17500000000000004,0,0.06944444444444445,0.0
1592,0.2535211267605634,0,0.01764705882352941,0.0
1593,0.03448275862068961,0,0.06741573033707865,0.0
1594,0.05882352941176472,0,0.06993006993006994,0.0
1595,0.09722222222222221,0,0.07006369426751592,0.0
1596,0.11111111111111116,0,0.07142857142857142,1.0
1597,0.1470588235294118,1,0.07333333333333333,1.0
1598,0.07894736842105265,0,0.038834951456310676,0.0
1599,0.18487394957983194,0,0.06397306397306397,1.0
